temperature,sample,time,relative minutes,RecN,CO2 ambient,CO2 EC,CO2 delta,ZP tcuv,Tcuv,ZP rh,relH,light,Flow,Weight,CO2_PER_WEIGHT
0,C1,09:36,00:09,,428.6494024,2.392857143,3.2,0,0,78.84285714,94.6,0,499,6.996676471,-0.8196922
0,C1,09:39,00:12,,428.5537849,2.357142857,2.9,0,0,80.15714286,94.8,25,499,6.987235294,-0.5512928
0,C1,09:41,00:14,,428.4900398,2.333333333,2.7,0,0,81.03333333,94.8,50,500,6.980941176,-0.3731086
0,C1,09:45,00:18,,428.3625498,2.285714286,2.5,0,0,82.78571429,94.6,100,500,6.968352941,-0.2180481
0,C1,09:47,00:20,,428.2988048,2.261904762,2.1,0,0,83.66190476,94.5,200,499,6.962058824,0.164417
0,C1,09:53,00:26,,428.1075697,2.19047619,1.7,0,0.1,86.29047619,94.7,400,498,6.943176471,0.4970804
0,C1,09:55,00:28,,428.0438247,2.166666667,1.7,0,0.2,87.16666667,94.8,600,500,6.936882353,0.4748471
0,C1,09:57,00:30,,427.9800797,2.142857143,1.6,0,0.3,88.04285714,95,800,499,6.930588235,0.5512653
0,C1,09:59,00:32,,427.9163347,2.119047619,1.6,0,0.4,88.91904762,95.2,1000,500,6.924294118,0.5281404
0,C1,10:01,00:34,,427.8525896,2.095238095,1.5,0,0.5,89.7952381,95.3,1200,499,6.918,0.6044509
5,C1,10:58,00:13,,,1.044444444,2.8,5,4.9,81.04761905,94.8,0,499,6.681476471,-1.7824353
5,C1,11:05,00:20,,,1.122222222,2.5,5,5,82.58095238,94.4,25,500,6.659117647,-1.4016572
5,C1,11:13,00:28,,,1.211111111,1.7,5,5,84.33333333,93.3,50,499,6.633564706,-0.4963597
5,C1,11:19,00:34,,,1.277777778,1.1,5,5,85.64761905,92.9,100,499,6.6144,0.1804923
5,C1,11:25,00:40,,,1.344444444,0.7,5,5,86.96190476,93,200,499,6.595235294,0.6542768
5,C1,11:29,00:44,,,1.388888889,0.6,5,5,87.83809524,93.3,400,499,6.582458824,0.8009187
5,C1,11:32,00:47,,,1.422222222,0.5,5,5,88.4952381,93.9,800,500,6.572876471,0.938156
5,C1,11:35,00:50,,,1.455555556,0.5,5,5,89.15238095,94.5,1000,500,6.563294118,0.9720595
5,C1,11:36,00:51,,,1.466666667,0.5,5,5,89.37142857,94.7,1200,500,6.5601,0.9833605
10,C1,11:15,00:14,,409,1.951851852,3.6,10.14814815,10,87.41851852,96.7,0,499,6.648252174,-1.6727306
10,C1,11:21,00:20,,409,1.974074074,2.8,10.12592593,10,88.84074074,97,25,500,6.624617391,-0.8399107
10,C1,11:25,00:24,,409,1.988888889,2.2,10.11111111,10,89.78888889,97.1,50,499,6.60886087,-0.214254
10,C1,11:28,00:27,,409,2,1.6,10.1,10,90.5,97.2,100,499,6.597043478,0.4059515
10,C1,11:34,00:33,,409,2.022222222,1,10.07777778,10,91.92222222,97.3,200,499,6.573408696,1.0374146
10,C1,11:38,00:37,,409,2.037037037,0.7,10.06296296,10,92.87037037,97.4,400,500,6.557652174,1.3596127
10,C1,11:41,00:40,,409,2.048148148,0.5,10.05185185,10.1,93.58148148,97.4,800,500,6.545834783,1.5742754
10,C1,11:44,00:43,,409,2.059259259,0.4,10.04074074,10.1,94.29259259,97.3,1000,500,6.534017391,1.6872479
10,C1,11:47,00:46,,409,2.07037037,0.5,10.02962963,10.1,95.0037037,97.3,1200,498,6.5222,1.5904592
17.5,C1,08:43,00:14,,411.631016,1.607692308,4.1,17.52692308,17.3,68.02692308,94.5,0,499,6.840678049,-2.528751
17.5,C1,08:48,00:19,,411.5508021,1.646153846,3.2,17.53653846,17.5,70.78653846,90.4,25,499,6.80734878,-1.5764754
17.5,C1,08:51,00:22,,411.5026738,1.669230769,2.6,17.54230769,17.7,72.44230769,90.8,50,500,6.78735122,-0.9461837
17.5,C1,08:54,00:25,,411.4545455,1.692307692,1.8,17.54807692,17.5,74.09807692,91,100,500,6.767353659,-0.109472
17.5,C1,08:57,00:28,,411.4064171,1.715384615,1.1,17.55384615,17.3,75.75384615,89.4,200,499,6.747356098,0.6242812
17.5,C1,09:00,00:31,,411.3582888,1.738461538,0.6,17.55961538,17.6,77.40961538,90.6,400,500,6.727358537,1.1571942
17.5,C1,09:04,00:35,,411.2941176,1.769230769,0.4,17.56730769,17.7,79.61730769,92.7,800,500,6.700695122,1.3916957
17.5,C1,09:08,00:39,,411.2299465,1.8,0.2,17.575,17.4,81.825,92.6,1000,500,6.674031707,1.6261751
17.5,C1,09:10,00:41,,411.197861,1.815384615,0.2,17.57884615,17.5,82.92884615,92.9,1200,499,6.6607,1.6384894
15,C1,10:12,00:11,,438.1368015,2.467346939,4.5,14.6122449,14.9,77.11020408,95.9,0,499,6.829905128,-2.0625469
15,C1,10:17,00:16,,437.867052,2.497959184,3.7,14.66326531,15,79.56938776,96.3,25,500,6.806225641,-1.222106
15,C1,10:20,00:19,,437.7052023,2.516326531,3,14.69387755,15,81.04489796,96.3,50,500,6.792017949,-0.4917334
15,C1,10:24,00:23,,437.4894027,2.540816327,2.3,14.73469388,15,83.0122449,96.6,100,499,6.773074359,0.2443304
15,C1,10:27,00:26,,437.327553,2.559183673,1.4,14.76530612,15,84.4877551,96.7,200,500,6.758866667,1.178422
15,C1,10:31,00:30,,437.1117534,2.583673469,0.8,14.80612245,15,86.45510204,96.7,400,499,6.739923077,1.8095805
15,C1,10:35,00:34,,436.8959538,2.608163265,0.5,14.84693878,15,88.42244898,96.9,800,499,6.720979487,2.1387012
15,C1,10:38,00:37,,436.734104,2.626530612,0.6,14.87755102,15,89.89795918,96.8,1000,500,6.706771795,2.0599466
15,C1,10:40,00:39,,436.6262042,2.63877551,0.7,14.89795918,15.1,90.88163265,96.8,1200,500,6.6973,1.9707064
20,C1,08:51,00:14,,415.2643052,2.276363636,4.8,20.07454545,20,59.86727273,89.1,0,500,6.693652174,-2.5655533
20,C1,08:57,00:20,,415.1008174,2.309090909,3.9,20.06363636,20.1,63.28181818,88.2,25,499,6.647217391,-1.6139666
20,C1,09:00,00:23,,415.0190736,2.325454545,3.3,20.05818182,20.1,64.98909091,89.1,50,500,6.624,-0.9906105
20,C1,09:05,00:28,,414.8828338,2.352727273,2.7,20.04909091,20,67.83454545,90.1,100,500,6.585304348,-0.3529733
20,C1,09:09,00:32,,414.773842,2.374545455,1.7,20.04181818,20,70.11090909,89.3,200,499,6.554347826,0.6842098
20,C1,09:13,00:36,,414.6648501,2.396363636,1.3,20.03454545,20.1,72.38727273,90.6,400,499,6.523391304,1.1120109
20,C1,09:17,00:40,,414.5558583,2.418181818,1,20.02727273,20,74.66363636,93,800,500,6.492434783,1.4412262
20,C1,09:21,00:44,,414.4468665,2.44,0.9,20.02,20,76.94,92.8,1000,488,6.461478261,1.5273802
20,C1,09:23,00:46,,414.3923706,2.450909091,0.8,20.01636364,20,78.07818182,91.7,1200,499,6.446,1.6742431
25,C1,08:57,00:14,,408.5529801,2.372,6.2,24.9,24.9,53.344,84.5,0,500,6.6014,-3.8904788
25,C1,09:02,00:19,,408.5033113,2.362,5,24.9,25,55.324,81,25,499,6.5304,-2.6755213
25,C1,09:05,00:22,,408.4735099,2.356,4.3,24.9,25.3,56.512,80.8,50,500,6.4878,-1.9755249
25,C1,09:10,00:27,,408.4238411,2.346,3.3,24.9,24.9,58.492,78.8,100,499,6.4168,-0.9674691
25,C1,09:13,00:30,,408.3940397,2.34,2.9,24.9,25.1,59.68,78.9,200,499,6.3742,-0.5678844
25,C1,09:15,00:32,,408.3741722,2.336,2.5,24.9,25.2,60.472,79.6,400,488,6.3458,-0.1626387
25,C1,09:18,00:35,,408.3443709,2.33,2.3,24.9,25.2,61.66,81,800,499,6.3032,0.0304204
25,C1,09:21,00:38,,408.3145695,2.324,2.1,24.9,25.1,62.848,80,1000,500,6.2606,0.2275854
25,C1,09:24,00:41,,408.2847682,2.318,2.1,24.9,25,64.036,79.5,1200,499,6.218,0.2210379
0,C2,10:22,00:13,,427.1832669,2,2.6,0,0,92.05531915,94,0,499,6.569666667,-0.6392397
0,C2,10:28,00:19,,426.9920319,2,2.4,0,0,91.48085106,92.4,25,500,6.556128205,-0.4270154
0,C2,10:30,00:21,,426.9282869,2,2.1,0,0,91.2893617,92.1,50,499,6.551615385,-0.1065405
0,C2,10:33,00:24,,426.8326693,2,2,0,0,91.00212766,91.9,100,499,6.544846154,0
0,C2,10:36,00:27,,426.7370518,2,1.8,0,0,90.71489362,91.9,200,500,6.538076923,0.2135087
0,C2,10:38,00:29,,426.6733068,2,1.6,0,0,90.52340426,92.4,400,500,6.533564103,0.427018
0,C2,10:41,00:32,,426.5776892,2,1.5,0,0,90.23617021,92.9,600,499,6.526794872,0.5327059
0,C2,10:43,00:34,,426.5139442,2,1.3,0,0,90.04468085,93.4,800,499,6.522282051,0.7457891
0,C2,10:45,00:36,,426.4501992,2,1.3,0,0,89.85319149,94,1000,500,6.517769231,0.7472846
0,C2,10:48,00:39,,426.3545817,2,1.2,0,0,89.56595745,94.4,1200,500,6.511,0.8540411
5,C2,11:59,00:11,,,1.728333333,2.6,5,4.9,92,95.7,0,500,6.5431875,-0.9303032
5,C2,12:05,00:17,,,1.798333333,2.2,5,5,92,95.4,25,500,6.5225625,-0.4286866
5,C2,12:10,00:22,,,1.856666667,1.7,5,5,92,94.3,50,499,6.505375,0.1668711
5,C2,12:15,00:27,,,1.915,1.5,5,5,92,93.8,100,499,6.4881875,0.442031
5,C2,12:20,00:32,,,1.973333333,1.5,5,5,92,93.8,200,500,6.471,0.5051742
5,C2,12:26,00:38,,,2.043333333,1.6,5,5,92,94.5,400,500,6.450375,0.4731561
5,C2,12:31,00:43,,,2.101666667,1.2,5,5,92,95.4,800,500,6.4331875,0.9623213
5,C2,12:34,00:46,,,2.136666667,1,5,5,92,95.6,1000,500,6.422875,1.2131296
5,C2,12:36,00:48,,,2.16,1.4,5,5,92,95.8,1200,500,6.416,0.8111248
10,C2,12:04,00:09,,409,2.08988764,3.5,10,10,96.80898876,97,0,499,6.535692857,-1.5013599
10,C2,12:11,00:16,,409,2.082022472,2.6,10,10,96.73820225,97.1,25,499,6.499909524,-0.551496
10,C2,12:15,00:20,,409,2.07752809,2,10,10,96.69775281,97.4,50,500,6.479461905,0.0827104
10,C2,12:20,00:25,,409,2.071910112,1.4,10,10,96.64719101,97.3,100,500,6.453902381,0.7168241
10,C2,12:23,00:28,,409,2.068539326,0.8,10,10,96.61685393,97.4,200,500,6.438566667,1.3533357
10,C2,12:28,00:33,,409,2.062921348,0.3,10,10,96.56629213,97.3,400,500,6.413007143,1.8807663
10,C2,12:32,00:37,,409,2.058426966,0,10,10,96.5258427,97.3,800,499,6.392559524,2.1916344
10,C2,12:35,00:40,,409,2.05505618,-0.1,10,10,96.49550562,97.3,1000,499,6.37722381,2.2945177
10,C2,12:37,00:42,,409,2.052808989,-0.1,10,10.1,96.4752809,97.3,1200,499,6.367,2.2921257
17.5,C2,09:32,00:11,,410.8292683,1.941509434,4.4,17.55849057,17.6,87.18867925,93.9,0,499,6.70775,-2.6160564
17.5,C2,09:36,00:15,,410.7642276,1.956603774,3.5,17.54339623,17.5,87.0754717,92.3,25,499,6.681113636,-1.64232
17.5,C2,09:40,00:19,,410.699187,1.971698113,2.9,17.52830189,17.6,86.96226415,92.9,50,499,6.654477273,-0.9878053
17.5,C2,09:43,00:22,,410.6504065,1.983018868,1.9,17.51698113,17.6,86.87735849,93.6,100,499,6.6345,0.0883406
17.5,C2,09:47,00:26,,410.5853659,1.998113208,0.9,17.50188679,17.5,86.76415094,94.8,200,499,6.607863636,1.1685097
17.5,C2,09:50,00:29,,410.5365854,2.009433962,0.2,17.49056604,17.5,86.67924528,95.5,400,499,6.587886364,1.9254367
17.5,C2,09:52,00:31,,410.504065,2.016981132,-0.4,17.48301887,17.6,86.62264151,96.2,800,499,6.574568182,2.5719389
17.5,C2,09:56,00:35,,410.4390244,2.032075472,-0.6,17.46792453,17.4,86.50943396,96.7,1000,499,6.547931818,2.8008348
17.5,C2,10:05,00:44,,410.2926829,2.066037736,-0.7,17.43396226,17.5,86.25471698,96.7,1200,500,6.488,2.9493116
15,C2,11:46,00:12,,433.0655106,2.665454545,5,15.12181818,15,65.30909091,95.9,0,500,6.876305405,-2.4907644
15,C2,11:50,00:16,,432.849711,2.687272727,4.1,15.12909091,15,65.74545455,96.1,25,500,6.845040541,-1.5072491
15,C2,11:54,00:20,,432.6339114,2.709090909,3.4,15.13636364,15,66.18181818,96,50,500,6.813775676,-0.7371299
15,C2,11:57,00:23,,432.4720617,2.725454545,2.5,15.14181818,15.1,66.50909091,95.6,100,499,6.790327027,0.2400545
15,C2,12:00,00:26,,432.3102119,2.741818182,1.8,15.14727273,15.1,66.83636364,96.2,200,500,6.766878378,1.0048118
15,C2,12:04,00:30,,432.0944123,2.763636364,1,15.15454545,14.9,67.27272727,96.4,400,500,6.735613514,1.8815818
15,C2,12:07,00:33,,431.9325626,2.78,0.4,15.16,15,67.6,96.7,800,500,6.712164865,2.5391496
15,C2,12:11,00:37,,431.716763,2.801818182,0.3,15.16727273,15.1,68.03636364,96.8,1200,500,6.6809,2.6690915
20,C2,09:45,00:13,,413.7929155,2.524528302,5,20.0245283,20,83.46981132,92.1,0,499,6.475953488,-2.6335675
20,C2,09:51,00:19,,413.6294278,2.535849057,4,20.03584906,20,83.59433962,89.5,25,500,6.437162791,-1.5607734
20,C2,09:54,00:22,,413.5476839,2.541509434,3.4,20.04150943,20.1,83.65660377,89.8,50,500,6.417767442,-0.9151422
20,C2,09:58,00:26,,413.4386921,2.549056604,2.6,20.0490566,20.1,83.73962264,90.2,100,499,6.391906977,-0.0541964
20,C2,10:02,00:30,,413.3297003,2.556603774,1.6,20.05660377,20,83.82264151,89.7,200,500,6.366046512,1.0197238
20,C2,10:07,00:35,,413.1934605,2.566037736,0.8,20.06603774,20.1,83.92641509,91.2,400,500,6.33372093,1.88256
20,C2,10:09,00:37,,413.1389646,2.569811321,0.3,20.06981132,20,83.96792453,91.5,800,500,6.320790698,2.4195688
20,C2,10:13,00:41,,413.0299728,2.577358491,0.3,20.07735849,20,84.0509434,91.9,1000,500,6.294930233,2.4276067
20,C2,10:15,00:43,,412.9754768,2.581132075,0.3,20.08113208,20.1,84.09245283,92.7,1200,499,6.282,2.4267623
25,C2,09:48,00:15,,408.0463576,2.33125,6,24.93125,24.9,66.5375,83.2,0,500,6.552192308,-3.9102893
25,C2,09:52,00:19,,408.0066225,2.339583333,5,24.93958333,24.9,66.25416667,82,25,500,6.496776923,-2.8355936
25,C2,09:56,00:23,,407.9668874,2.347916667,4.2,24.94791667,25,65.97083333,77.8,50,500,6.441361538,-1.9740512
25,C2,09:59,00:26,,407.9370861,2.354166667,3.6,24.95416667,25.1,65.75833333,77.9,100,498,6.3998,-1.3225736
25,C2,10:02,00:29,,407.9072848,2.360416667,2.9,24.96041667,25.2,65.54583333,78.3,200,500,6.358238462,-0.5751244
25,C2,10:04,00:31,,407.8874172,2.364583333,2.4,24.96458333,25.2,65.40416667,79,400,500,6.330530769,-0.0377496
25,C2,10:08,00:35,,407.8476821,2.372916667,1.8,24.97291667,24.9,65.12083333,77.1,800,499,6.275115385,0.6094395
25,C2,10:10,00:37,,407.8278146,2.377083333,1.7,24.97708333,25,64.97916667,76.5,1000,500,6.247407692,0.721693
25,C2,10:12,00:39,,407.807947,2.38125,1.7,24.98125,25.1,64.8375,76.3,1200,500,6.2197,0.7261372
17.5,T3,10:39:00,00:14:00,,406.114094,1.6,3.3,17.5,17.5,74.73636364,97.3,0,484,6.088724324,-3.9937625
17.5,T3,10:43:00,00:18:00,,406.01566,1.6,2.8,17.5,17.5,77.51818182,97.6,25,484,6.063502703,-2.818964
17.5,T3,10:46:00,00:21:00,,405.9418345,1.6,2.1,17.5,17.5,79.60454545,97.6,50,484,6.044586486,-1.1745176
17.5,T3,10:49:00,00:24:00,,405.8680089,1.6,1.7,17.5,17.5,81.69090909,97.7,100,485,6.02567027,-0.2353787
17.5,T3,10:51:00,00:26:00,,405.8187919,1.6,1.3,17.5,17.5,83.08181818,97.7,200,485,6.013059459,0.7061157
17.5,T3,10:54:00,00:29:00,,405.7449664,1.6,1,17.5,17.6,85.16818182,97.7,400,485,5.994143243,1.4121704
17.5,T3,10:57,00:32,,405.6711409,1.6,0.8,17.5,17.5,87.25454545,97.6,600,485,5.975227027,1.8828125
17.5,T3,10:59,00:34,,405.6219239,1.6,0.8,17.5,17.6,88.64545455,97.5,800,485,5.962616216,1.8827582
17.5,T3,11:01,00:36,,405.5727069,1.6,0.8,17.5,17.6,90.03636364,97.4,1000,485,5.950005405,1.882704
17.5,T3,11:02,00:37,,405.5480984,1.6,0.8,17.5,17.5,90.73181818,97.3,1200,485,5.9437,1.8826769
17.5,T4,11:28,00:13,,404.9082774,1.554166667,4.3,17.5,17.5,95.16041667,98.1,0,484,6.440105263,-3.5068333
17.5,T4,11:33,00:18,,404.7852349,1.575,3.3,17.5,17.5,95.3375,98.4,25,485,6.401684211,-2.2076226
17.5,T4,11:36,00:21,,404.7114094,1.5875,2.8,17.5,17.5,95.44375,98.5,50,485,6.378631579,-1.5517313
17.5,T4,11:39,00:24,,404.6375839,1.6,2.2,17.5,17.5,95.55,98.5,100,485,6.355578947,-0.7678654
17.5,T4,11:41,00:26,,404.5883669,1.608333333,1.6,17.5,17.5,95.62083333,98.6,200,484,6.340210526,0.0106428
17.5,T4,11:45,00:30,,404.4899329,1.625,1.2,17.5,17.5,95.7625,98.6,400,485,6.309473684,0.5439022
17.5,T4,11:48,00:33,,404.4161074,1.6375,1.1,17.5,17.6,95.86875,98.5,600,485,6.286421053,0.6878748
17.5,T4,11:49,00:34,,404.3914989,1.641666667,1,17.5,17.6,95.90416667,98.5,800,485,6.278736842,0.8211833
17.5,T4,11:51,00:36,,404.3422819,1.65,0.9,17.5,17.6,95.975,98.5,1000,485,6.263368421,0.9598232
17.5,T4,11:53,00:38,,404.2930649,1.658333333,0.9,17.5,17.6,96.04583333,98.4,1200,485,6.248,0.9704865
25,T3,14:09,00:11,,400.9463087,1.773333333,4.7,25.02444444,25,58.37333333,91.9,0,484,6.083264865,-6.8729899
25,T3,14:13,00:15,,400.8478747,1.8,3.8,25.03333333,25,61.2,90.9,25,485,6.04787027,-4.7060658
25,T3,14:18,00:20,,400.7248322,1.833333333,3.2,25.04444444,25,64.73333333,90.6,50,485,6.003627027,-3.2154334
25,T3,14:21,00:23,,400.6510067,1.853333333,2.7,25.05111111,25.1,66.85333333,90.7,100,485,5.977081081,-1.9918594
25,T3,14:23,00:25,,400.6017897,1.866666667,2.3,25.05555556,25.1,68.26666667,90.8,200,485,5.959383784,-1.0194076
25,T3,14:26,00:28,,400.5279642,1.886666667,2,25.06222222,25.1,70.38666667,91.1,400,484,5.932837838,-0.2660457
25,T3,14:28,00:30,,400.4787472,1.9,1.8,25.06666667,25.1,71.8,91.5,600,484,5.915140541,0.2347352
25,T3,14:31,00:33,,400.4049217,1.92,1.7,25.07333333,25.1,73.92,92,800,485,5.888594595,0.5174477
25,T3,14:33,00:35,,400.3557047,1.933333333,1.7,25.07777778,25.1,75.33333333,92.4,1000,485,5.870897297,0.5487822
25,T3,14:35,00:37,,400.3064877,1.946666667,1.5,25.08222222,25,76.74666667,90.3,1200,484,5.8532,1.0483102
25,T4,15:00,00:15,,399.6912752,1.963829787,5.8,25,25,82.4212766,94.2,0,484,6.375554054,-4.8957582
25,T4,15:04,00:19,,399.5928412,1.980851064,4.9,25,25,82.69361702,93.6,25,485,6.341835135,-3.7331104
25,T4,15:06,00:21,,399.5436242,1.989361702,4.3,25,25.1,82.82978723,93.4,50,485,6.324975676,-2.9549124
25,T4,15:09,00:24,,399.4697987,2.00212766,3.7,25,25.1,83.03404255,93.4,100,484,6.299686486,-2.1667978
25,T4,15:12,00:27,,399.3959732,2.014893617,3.1,25,25.1,83.23829787,93.7,200,484,6.274397297,-1.3847863
25,T4,15:14,00:29,,399.3467562,2.023404255,2.5,25,25,83.37446809,94.3,400,485,6.257537838,-0.6094738
25,T4,15:17,00:32,,399.2729306,2.036170213,2.3,25,25.1,83.5787234,94.8,600,485,6.232248649,-0.337385
25,T4,15:19,00:34,,399.2237136,2.044680851,2.2,25,25.1,83.71489362,95.3,800,484,6.215389189,-0.1982114
25,T4,15:20,00:35,,399.1991051,2.04893617,2.1,25,25.1,83.78297872,95.8,1000,485,6.206959459,-0.0652999
25,T4,15:22,00:37,,399.1498881,2.057446809,2.1,25,25.1,83.91914894,96,1200,485,6.1901,-0.0544163
5,T3,10:02,00:08:00,,393.3333333,1.7,2.7,4.668571429,4.9,86.85714286,96.4,0,485,6.043342857,-2.3559648
5,T3,10:04,00:10:00,,393.2727273,1.7,2.4,4.685714286,4.9,87.57142857,96.7,25,485,6.033178571,-1.6491634
5,T3,10:08,00:14:00,,393.1515152,1.7,2.4,4.72,4.9,89,96.9,50,485,6.01285,-1.6491395
5,T3,10:11,00:17:00,,393.0606061,1.7,2,4.745714286,4.9,90.07142857,97.1,100,485,5.997603571,-0.7067664
5,T3,10:13,00:19:00,,393,1.7,1.8,4.762857143,5,90.78571429,97.1,200,485,5.987439286,-0.2355871
5,T3,10:16,00:22:00,,392.9090909,1.7,1.6,4.788571429,5,91.85714286,97.2,400,485,5.972192857,0.2355845
5,T3,10:18,00:24:00,,392.8484848,1.7,1.5,4.805714286,5,92.57142857,97.1,600,485,5.962028571,0.4711655
5,T3,10:19,00:25:00,,392.8181818,1.7,1.5,4.814285714,5,92.92857143,97.2,800,485,5.956946429,0.4711638
5,T3,10:20,00:26:00,,392.7878788,1.7,1.5,4.822857143,5.1,93.28571429,97.1,1000,485,5.951864286,0.471162
5,T3,10:22,00:28:00,,392.7272727,1.7,1.5,4.84,5.1,94,97,1200,485,5.9417,0.4711586
5,T4,10:39,00:10,,392.2121212,1.726315789,2.9,4.926315789,4.9,96.78947368,97.6,0,485,6.443666667,-1.5037189
5,T4,10:42,00:13,,392.1212121,1.734210526,2.6,4.934210526,4.9,96.87631579,97.8,25,485,6.431866667,-1.1092441
5,T4,10:46,00:17,,392,1.744736842,2.1,4.944736842,4.9,96.99210526,97.9,50,485,6.416133333,-0.4551602
5,T4,10:49,00:20,,391.9090909,1.752631579,1.8,4.952631579,5,97.07894737,97.9,100,485,6.404333333,-0.0606879
5,T4,10:52,00:23,,391.8181818,1.760526316,1.7,4.960526316,5,97.16578947,98,200,485,6.392533333,0.0775456
5,T4,10:54,00:25,,391.7575758,1.765789474,1.6,4.965789474,5,97.22368421,98.1,400,485,6.384666667,0.2124074
5,T4,10:56,00:27,,391.6969697,1.771052632,1.6,4.971052632,5,97.28157895,98.1,600,486,6.3768,0.2196021
5,T4,10:57,00:28,,391.6666667,1.773684211,1.6,4.973684211,5.1,97.31052632,98.1,800,484,6.372866667,0.2220629
5,T4,10:58,00:29,,391.6363636,1.776315789,1.6,4.976315789,5.1,97.33947368,98,1000,485,6.368933333,0.2258932
5,T4,10:59,00:30,,391.6060606,1.778947368,1.7,4.978947368,5.1,97.36842105,98,1200,485,6.365,0.1011462
10,T3,09:42,00:12,,410.9351032,2.119512195,3.3,10.0804878,10.1,94.90243902,97.1,0,485,6.05855,-2.7799469
10,T3,09:46,00:16,,410.8318584,2.131707317,2.9,10.06829268,10.1,95.34146341,97.6,25,485,6.03701875,-1.8092546
10,T3,09:50,00:20,,410.7699115,2.13902439,2.6,10.06097561,10,95.60487805,97.7,50,484,6.0241,-1.0833115
10,T3,09:53,00:23,,410.7079646,2.146341463,2.3,10.05365854,10.1,95.86829268,97.9,100,485,6.01118125,-0.3618489
10,T3,09:56,00:26,,410.6253687,2.156097561,2,10.04390244,10.1,96.2195122,97.9,200,485,5.99395625,0.3675912
10,T3,09:59,00:29,,410.5840708,2.16097561,2,10.03902439,10.1,96.39512195,98,400,485,5.98534375,0.3790777
10,T3,10:01,00:31,,410.5221239,2.168292683,1.8,10.03170732,10,96.65853659,98,600,485,5.972425,0.8672815
10,T3,10:02,00:32,,410.480826,2.173170732,1.8,10.02682927,9.9,96.83414634,97.9,800,484,5.9638125,0.8769552
10,T3,10:03,00:33,,410.460177,2.175609756,1.7,10.02439024,9.9,96.92195122,97.8,1000,485,5.95950625,1.1199962
10,T3,10:04,00:34,,410.439528,2.17804878,1.8,10.02195122,9.9,97.0097561,98.8,1200,485,5.9552,0.8902526
10,T4,10:23,00:08,,411.7817109,1.953333333,3.8,10.02666667,10,61.2,91.7,0,485,6.461664706,-2.3661545
10,T4,10:28,00:13,,411.699115,1.971111111,3.2,10.03555556,9.9,65.2,89.4,25,485,6.437652941,-1.574508
10,T4,10:31,00:16,,411.6165192,1.988888889,2.8,10.04444444,10.1,69.2,88.5,50,485,6.413641176,-1.0391788
10,T4,10:34,00:19,,411.5545723,2.002222222,2.5,10.05111111,10,72.2,88.3,100,485,6.395632353,-0.6377179
10,T4,10:38,00:23,,411.4926254,2.015555556,2.3,10.05777778,10,75.2,88.4,200,485,6.377623529,-0.3643962
10,T4,10:40,00:25,,411.4306785,2.028888889,2.2,10.06444444,10.1,78.2,88.8,400,485,6.359614706,-0.2191986
10,T4,10:43,00:28,,411.3893805,2.037777778,2.1,10.06888889,10.1,80.2,89.9,600,485,6.347608824,-0.0797065
10,T4,10:45,00:30,,411.3687316,2.042222222,2.2,10.07111111,10.2,81.2,90.9,800,485,6.341605882,-0.2021103
10,T4,10:46,00:31,,411.3480826,2.046666667,2.2,10.07333333,10.2,82.2,91.8,1000,485,6.335602941,-0.1964145
10,T4,10:47,00:32,,411.3274336,2.051111111,2.3,10.07555556,10.1,83.2,92,1200,485,6.3296,-0.3188137
15,T3,11:37,00:12,,408.5811209,2.6,4.5,15.075,15,98.175,98.9,0,485,6.227333333,-4.4719708
15,T3,11:41,00:16,,408.4985251,2.6,3.8,15.065,14.9,98.085,98.7,25,485,6.272666667,-2.8244103
15,T3,11:44,00:19,,408.4365782,2.6,3.1,15.0575,14.7,98.0175,98.8,50,485,6.306666667,-1.17684
15,T3,11:48,00:23,,408.3746313,2.6,2.7,15.05,14.9,97.95,99,100,485,6.340666667,-0.2353685
15,T3,11:50,00:25,,408.3126844,2.6,2.3,15.0425,14.9,97.8825,99,200,485,6.374666667,0.7061069
15,T3,11:53,00:28,,408.2713864,2.6,2.2,15.0375,14.9,97.8375,98.9,400,484,6.397333333,0.9395359
15,T3,11:56,00:31,,408.2300885,2.6,2,15.0325,14.9,97.7925,98.8,600,485,6.42,1.4122176
15,T3,11:57,00:32,,408.1681416,2.6,2,15.025,14.9,97.725,98.7,800,485,6.454,1.4122205
15,T3,11:58,00:33,,408.1268437,2.6,1.9,15.02,15,97.68,98.5,1000,485,6.476666667,1.6475928
15,T3,11:59,00:34,,408.1061947,2.6,1.9,15.0175,15,97.6575,98.5,1200,485,6.488,1.6475939
15,T4,12:17,00:10,,409.4070796,2.457142857,4.9,15.1,15,97.75714286,98.5,0,483,6.444235294,-3.1141692
15,T4,12:21,00:14,,409.3244838,2.476190476,4,15.1,15.1,97.84285714,98.7,25,485,6.429647059,-1.9506024
15,T4,12:24,00:17,,409.2625369,2.49047619,3.6,15.1,15.1,97.90714286,98.8,50,485,6.418705882,-1.4202808
15,T4,12:27,00:20,,409.179941,2.50952381,3,15.1,15,97.99285714,98.8,100,484,6.404117647,-0.6265539
15,T4,12:30,00:23,,409.1386431,2.519047619,2.7,15.1,15,98.03571429,98.9,200,484,6.396823529,-0.2311556
15,T4,12:32,00:25,,409.0766962,2.533333333,2.5,15.1,15.1,98.1,98.9,400,485,6.385882353,0.0426692
15,T4,12:34,00:27,,409.0147493,2.547619048,2.4,15.1,15.1,98.16428571,99,600,483,6.374941176,0.1881843
15,T4,12:37,00:30,,408.9941003,2.552380952,2.3,15.1,15.1,98.18571429,99,800,483,6.371294118,0.3217343
15,T4,12:39,00:32,,408.9734513,2.557142857,2.2,15.1,15.1,98.20714286,99,1000,486,6.367647059,0.4581121
15,T4,12:40,00:33,,408.9528024,2.561904762,2.2,15.1,15.1,98.22857143,99,1200,485,6.364,0.4632649
0,T3,10:31:00,00:08:00,,391.1046512,1.875,2.7,-0.25,0,84.275,95.5,0,484,6.1252,-1.9401343
0,T3,10:33:00,00:10:00,,391.0503876,1.89375,2.7,-0.2375,0.1,84.79375,95.7,25,485,6.109,-1.8999508
0,T3,10:36:00,00:13:00,,390.9689922,1.921875,2.6,-0.21875,0.1,85.571875,95.7,50,484,6.0847,-1.5947168
0,T3,10:39:00,00:16:00,,390.8875969,1.95,2.4,-0.2,0,86.35,95.7,100,485,6.0604,-1.0604258
0,T3,10:41:00,00:18:00,,390.8333333,1.96875,2.2,-0.1875,0,86.86875,95.6,200,485,6.0442,-0.544939
0,T3,10:43:00,00:20:00,,390.7790698,1.9875,2.3,-0.175,0,87.3875,95.6,400,486,6.028,-0.7379197
0,T3,10:44,00:21,,390.751938,1.996875,2.3,-0.16875,0,87.646875,95.7,600,485,6.0199,-0.714308
0,T3,10:45,00:22,,390.7248062,2.00625,2.2,-0.1625,0.1,87.90625,95.6,800,485,6.0118,-0.4565671
0,T3,10:46,00:23,,390.6976744,2.015625,2.2,-0.15625,0.1,88.165625,95.6,1000,484,6.0037,-0.4335785
0,T3,10:47,00:24,,390.6705426,2.025,2.2,-0.15,0.2,88.425,95.5,1200,485,5.9956,-0.4123817
0,T4,11:05,00:10,,390.1821705,2.123809524,3,-0.076190476,0,90.80952381,96.4,0,485,6.378,-1.122906
0,T4,11:08,00:13,,390.1007752,2.130952381,2.9,-0.069047619,0.1,90.90238095,96.5,25,485,6.3522,-0.9855932
0,T4,11:12,00:17,,389.9922481,2.14047619,2.9,-0.05952381,0,91.02619048,96.5,50,485,6.3178,-0.9733866
0,T4,11:16,00:21,,389.8837209,2.15,2.6,-0.05,0,91.15,96.4,100,485,6.2834,-0.576708
0,T4,11:19,00:24,,389.8023256,2.157142857,2.5,-0.042857143,0,91.24285714,96.3,200,485,6.2576,-0.4393962
0,T4,11:21,00:26,,389.748062,2.161904762,2.5,-0.038095238,0.1,91.3047619,96.3,400,485,6.2404,-0.4332932
0,T4,11:23,00:28,,389.6937984,2.166666667,2.5,-0.033333333,0.1,91.36666667,96.1,600,485,6.2232,-0.4271902
0,T4,11:25,00:30,,389.6395349,2.171428571,2.5,-0.028571429,0.1,91.42857143,95.9,800,485,6.206,-0.4210873
0,T4,11:29,00:34,,389.5310078,2.180952381,2.5,-0.019047619,0.1,91.55238095,95.5,1000,485,6.1716,-0.4088814
0,T4,11:30,00:35,,389.503876,2.183333333,2.6,-0.016666667,0.1,91.58333333,95.2,1200,486,6.163,-0.5350877
20,T3,09:59,00:13,,386.694165,1.847368421,4.3,20,20.1,96.23421053,98.4,0,485,6.006965517,-5.7692854
20,T3,10:03,00:17,,386.6780684,1.868421053,3.5,20,20,96.16052632,98.5,25,485,5.977172414,-3.8379435
20,T3,10:06,00:20,,386.6700201,1.878947368,3,20,20.1,96.12368421,98.5,50,485,5.962275862,-2.637041
20,T3,10:09,00:23,,386.6579477,1.894736842,2.6,20,20.1,96.06842105,98.4,100,485,5.939931034,-1.6589857
20,T3,10:12,00:26,,386.6498994,1.905263158,2.2,20,20,96.03157895,98.3,200,485,5.925034483,-0.6933081
20,T3,10:14,00:28,,386.637827,1.921052632,1.8,20,20.1,95.97631579,98.2,400,485,5.902689655,0.2847519
20,T3,10:17,00:31,,386.6297787,1.931578947,1.7,20,20.1,95.93947368,98,600,485,5.887793103,0.5447433
20,T3,10:19,00:33,,386.6217304,1.942105263,1.7,20,20.1,95.90263158,97.7,800,485,5.872896552,0.5695049
20,T3,10:20,00:34,,386.6177062,1.947368421,1.6,20,20.1,95.88421053,97.5,1000,485,5.865448276,0.817116
20,T3,10:22,00:36,,386.6136821,1.952631579,1.7,20,20.2,95.86578947,97.3,1200,484,5.858,0.5930412
20,T4,10:40,00:09,,386.8591549,1.728888889,5,20,20.1,88.43555556,98.3,0,484,6.1978,-4.1769769
20,T4,10:44,00:13,,386.8430584,1.737777778,4.2,20,20.1,89.43111111,98.6,25,485,6.118353846,-3.1505032
20,T4,10:46,00:15,,386.8309859,1.744444444,3.7,20,20,90.17777778,98.8,50,485,6.058769231,-2.5021594
20,T4,10:49,00:18,,386.8189135,1.751111111,3.1,20,20,90.92444444,98.8,100,485,5.999184615,-1.7258901
20,T4,10:51,00:20,,386.806841,1.757777778,2.5,20,20.1,91.67111111,98.9,200,484,5.9396,-0.9476908
20,T4,10:54,00:23,,386.7987928,1.762222222,2.1,20,20.1,92.16888889,98.9,400,485,5.899876923,-0.4321703
20,T4,10:56,00:25,,386.7867203,1.768888889,2,20,20.1,92.91555556,98.9,600,485,5.840292308,-0.2956901
20,T4,10:58,00:27,,386.778672,1.773333333,1.9,20,20.1,93.41333333,98.9,800,486,5.800569231,-0.1623931
20,T4,10:59,00:28,,386.7746479,1.775555556,1.9,20,20.1,93.66222222,98.8,1000,485,5.780707692,-0.1592149
20,T4,11:00,00:29,,386.7665996,1.78,1.9,20,20.2,94.16,98.7,1200,485,6.1978,-0.1535268
5,T5,22:48,00:09,1,418.528972,2.74,4.4,4.9,4.9,88.84,97.4,0,484,6.708756757,-2.2143
5,T5,22:57,00:18,2,418.2934579,2.68,3.3,4.9,4.9,90.98,97.9,25,485,6.663513514,-0.8287
5,T5,23:01,00:22,3,418.188785,2.653333333,3.1,4.9,4.9,91.93111111,98,50,485,6.643405405,-0.597
5,T5,23:05,00:26,4,418.0841121,2.626666667,2.7,4.9,5,92.88222222,98.4,100,486,6.623297297,-0.0982
5,T5,23:08,00:29,5,418.0056075,2.606666667,2.6,4.9,5,93.59555556,98.4,200,485,6.608216216,0.0089
5,T5,23:11,00:32,6,417.9271028,2.586666667,2.4,4.9,5,94.30888889,98.3,400,485,6.593135135,0.2495
5,T5,23:12,00:33,7,417.9009346,2.58,2.4,4.9,5,94.54666667,98.3,600,484,6.588108108,0.2401
5,T5,23:14,00:35,8,417.8485981,2.566666667,2.4,4.9,5,95.02222222,98.3,800,485,6.578054054,0.2228
5,T5,23:15,00:36,9,417.8224299,2.56,2.3,4.9,5,95.26,98.3,1000,485,6.573027027,0.3475
5,T5,23:16,00:37,10,417.7962617,2.553333333,2.2,4.9,5.1,95.49777778,98.3,1200,485,6.568,0.4723
15,T5,03:06,00:14,39,411.7775701,2.885714286,5.7,14.98571429,15.1,99.07142857,99.7,0,483,6.486878049,-3.7427
15,T5,03:13,00:21,40,411.5943925,2.928571429,4.9,14.92857143,15.1,98.75714286,99.8,25,485,6.428317073,-2.6327
15,T5,03:17,00:25,41,411.4897196,2.953061224,4.5,14.89591837,15,98.57755102,99.7,50,484,6.394853659,-2.0616
15,T5,03:20,00:28,42,411.411215,2.971428571,4,14.87142857,15.1,98.44285714,99.7,100,486,6.369756098,-1.3764
15,T5,03:22,00:30,43,411.3588785,2.983673469,3.6,14.85510204,15.1,98.35306122,99.7,200,485,6.35302439,-0.8231
15,T5,03:25,00:33,44,411.2803738,3.002040816,3.2,14.83061224,15.1,98.21836735,99.6,400,485,6.327926829,-0.2644
15,T5,03:27,00:35,45,411.2280374,3.014285714,3,14.81428571,15.1,98.12857143,99.6,600,485,6.311195122,0.0191
15,T5,03:29,00:37,46,411.1757009,3.026530612,2.9,14.79795918,15.1,98.03877551,99.5,800,485,6.294463415,0.169
15,T5,03:31,00:39,47,411.1233645,3.03877551,2.8,14.78163265,15.1,97.94897959,99.3,1000,485,6.277731707,0.3189
15,T5,03:33,00:41,48,411.071028,3.051020408,2.7,14.76530612,15.2,97.85918367,99.2,1200,486,6.261,0.4697
20,T5,21:33,00:11,82,425,2.889795918,7.1,20,20,92.26938776,98.6,0,484,6.629135,-5.608
20,T5,21:37,00:15,83,424.6078431,2.92244898,6.5,20,20.1,92.76734694,98.9,25,485,6.596275,-4.7751
20,T5,21:42,00:20,84,424.1176471,2.963265306,5.8,20,20,93.38979592,99.1,50,485,6.5552,-3.7862
20,T5,21:46,00:24,85,423.7254902,2.995918367,5,20,20.1,93.8877551,99.2,100,484,6.52234,-2.6693
20,T5,21:50,00:28,86,423.3333333,3.028571429,4.3,20,20.1,94.38571429,99.3,200,485,6.48948,-1.697
20,T5,21:53,00:31,87,423.0392157,3.053061224,4,20,20.1,94.75918367,99.3,400,485,6.464835,-1.2639
20,T5,21:57,00:35,88,422.6470588,3.085714286,3.7,20,20.1,95.25714286,99.2,600,485,6.431975,-0.8199
20,T5,21:59,00:37,89,422.4509804,3.102040816,3.5,20,20.1,95.50612245,99.2,800,485,6.415545,-0.5311
20,T5,22:00,00:38,90,422.3529412,3.110204082,3.5,20,20.1,95.63061224,99.1,1000,485,6.40733,-0.5202
20,T5,22:02,00:40,91,422.1568627,3.126530612,3.4,20,20.1,95.87959184,99,1200,486,6.3909,-0.3657
0,T5,23:16,00:07,113,396.6835443,2.841666667,3.6,0,-0.1,88.67777778,96,0,484,6.4516,-1.0118
0,T5,23:20,00:11,114,396.5822785,2.808333333,3.4,0,0,89.52222222,96.5,25,485,6.420171429,-0.791
0,T5,23:23,00:14,115,396.5063291,2.783333333,3.2,0,0,90.15555556,96.8,50,485,6.3966,-0.5571
0,T5,23:26,00:17,116,396.4303797,2.758333333,2.9,0,0,90.78888889,96.9,100,485,6.373028571,-0.1894
0,T5,23:29,00:20,117,396.3544304,2.733333333,2.8,0,0,91.42222222,97,200,485,6.349457143,-0.0891
0,T5,23:31,00:22,118,396.3037975,2.716666667,2.8,0,0,91.84444444,97,400,485,6.333742857,-0.1114
0,T5,23:32,00:23,119,396.278481,2.708333333,2.8,0,0,92.05555556,97,600,485,6.325885714,-0.1226
0,T5,23:34,00:25,120,396.2278481,2.691666667,2.8,0,0,92.47777778,97.1,800,484,6.310171429,-0.1445
0,T5,23:36,00:27,121,396.1772152,2.675,2.8,0,0.1,92.9,97,1000,485,6.294457143,-0.1671
0,T5,23:37,00:28,122,396.1518987,2.666666667,2.8,0,0.1,93.11111111,97,1200,486,6.2866,-0.1786
10,T5,22:58,00:08,145,398.657754,2.219047619,4.2,9.919047619,10,86.21904762,97.3,0,484,6.540897143,-2.6417
10,T5,23:04,00:14,146,398.4010695,2.233333333,3.6,9.933333333,10,86.83333333,95.6,25,485,6.50632,-1.8262
10,T5,23:08,00:18,147,398.2299465,2.242857143,3.3,9.942857143,10,87.24285714,93.8,50,485,6.483268571,-1.4126
10,T5,23:11,00:21,148,398.1016043,2.25,3,9.95,10,87.55,93.3,100,484,6.46598,-1.0001
10,T5,23:15,00:25,149,397.9304813,2.25952381,2.7,9.95952381,10,87.95952381,92.9,200,485,6.442928571,-0.5886
10,T5,23:18,00:28,150,397.802139,2.266666667,2.5,9.966666667,10,88.26666667,92.9,400,485,6.42564,-0.3118
10,T5,23:20,00:30,151,397.7165775,2.271428571,2.4,9.971428571,10,88.47142857,93.1,600,485,6.414114286,-0.1718
10,T5,23:22,00:32,152,397.631016,2.276190476,2.4,9.976190476,10,88.67619048,93.3,800,485,6.402588571,-0.1654
10,T5,23:24,00:34,153,397.5454545,2.280952381,2.3,9.980952381,10,88.88095238,93.6,1000,485,6.391062857,-0.0255
10,T5,23:25,00:35,154,397.5026738,2.283333333,2.4,9.983333333,10,88.98333333,93.9,1200,485,6.3853,-0.1559
17.5,T5,21:35,00:08,176,384.3762183,2.038095238,6,17.6,17.6,86.21904762,97.5,0,484,6.576,-5.2796
17.5,T5,21:41,00:14,177,384.2826511,2.066666667,5,17.6,17.5,88.33333333,98.3,25,485,6.543,-3.9168
17.5,T5,21:44,00:17,178,384.2358674,2.080952381,4.6,17.6,17.5,89.39047619,98.7,50,485,6.5265,-3.3636
17.5,T5,21:47,00:20,179,384.1890838,2.095238095,4,17.6,17.5,90.44761905,98.9,100,485,6.51,-2.5433
17.5,T5,21:50,00:23,180,384.1423002,2.10952381,3.5,17.6,17.5,91.5047619,99.2,200,484,6.4935,-1.8527
17.5,T5,21:53,00:26,181,384.0955166,2.123809524,3,17.6,17.6,92.56190476,99.3,400,485,6.477,-1.1699
17.5,T5,21:56,00:29,182,384.0487329,2.138095238,2.8,17.6,17.6,93.61904762,99.4,600,485,6.4605,-0.8837
17.5,T5,21:59,00:32,183,384.0019493,2.152380952,2.8,17.6,17.6,94.67619048,99.5,800,485,6.444,-0.8646
17.5,T5,22:01,00:34,184,383.9707602,2.161904762,2.6,17.6,17.6,95.38095238,99.5,1000,484,6.433,-0.5837
17.5,T5,22:02,00:35,185,383.9551657,2.166666667,2.6,17.6,17.6,95.73333333,99.5,1200,485,6.4275,-0.5785
25,T5,02:51,00:13,206,379.4483431,3.584782609,8.6,25.1,25.1,81.33043478,97.4,0,486,6.474434211,-6.7049
25,T5,02:56,00:18,207,379.3703704,3.617391304,7.9,25.1,25.1,83.76521739,97.8,25,486,6.443947368,-5.725
25,T5,02:59,00:21,208,379.3235867,3.636956522,7.4,25.1,25.1,85.22608696,98.1,50,486,6.425655263,-5.0302
25,T5,03:02,00:24,209,379.2768031,3.656521739,6.6,25.1,25,86.68695652,98.4,100,486,6.407363158,-3.9345
25,T5,03:05,00:27,210,379.2300195,3.676086957,6.1,25.1,25,88.14782609,98.6,200,485,6.389071053,-3.2331
25,T5,03:08,00:30,211,379.1832359,3.695652174,5.5,25.1,25.1,89.60869565,98.8,400,486,6.370778947,-2.4116
25,T5,03:10,00:32,212,379.1520468,3.708695652,5.2,25.1,25.1,90.5826087,98.9,600,486,6.358584211,-1.9931
25,T5,03:14,00:36,213,379.0896686,3.734782609,5,25.1,25.1,92.53043478,99.1,800,486,6.334194737,-1.6909
25,T5,03:15,00:37,214,379.0740741,3.741304348,4.9,25.1,25.1,93.0173913,99.1,1000,486,6.328097368,-1.5485
25,T5,03:16,00:38,215,379.0584795,3.747826087,4.9,25.1,25.1,93.50434783,99.2,1200,486,6.322,-1.5397
0,T6,09:42,00:08,509,406.9992367,1.830434783,2.2,0,0,87.96956522,96.6,0,492,6.145389474,-0.7070843
0,T6,09:45,00:11,510,406.9991731,1.804347826,2.2,0,0,88.44565217,96.9,25,492,6.127460526,-0.7569939
0,T6,09:47,00:13,511,406.9991307,1.786956522,2.2,0,0,88.76304348,97,50,491,6.115507895,-0.7886605
0,T6,09:54,00:20,512,406.9989823,1.726086957,1.9,0,0,89.87391304,97.2,100,492,6.073673684,-0.3327416
0,T6,09:59,00:25,513,406.9988763,1.682608696,1.9,0,0,90.6673913,97.3,200,491,6.043792105,-0.4150795
0,T6,10:03,00:29,514,406.9987915,1.647826087,1.8,0,0,91.30217391,97.2,400,492,6.019886842,-0.2911462
0,T6,10:05,00:31,515,406.9987491,1.630434783,1.8,0,0,91.61956522,97.3,600,492,6.007934211,-0.3244194
0,T6,10:07,00:33,516,405.1668398,1.613043478,1.8,0,0,91.93695652,97.2,800,492,5.995981579,-0.3576925
0,T6,10:09,00:35,517,405.1667974,1.595652174,1.8,0,0,92.25434783,97.1,1000,492,5.984028947,-0.3909654
0,T6,10:12,00:38,518,405.1667338,1.569565217,1.8,0,0.1,92.73043478,96.9,1200,492,5.9661,-0.4408746
5,T6,09:41,00:07,445,400.9997224,1.265,2.2,4.9825,4.9,86.385,97.4,0,492,6.198824242,-1.7885253
5,T6,09:44,00:10,446,400.9997026,1.25,2,4.975,4.9,87.45,97.7,25,492,6.185506061,-1.4346328
5,T6,09:50,00:16,447,400.999663,1.22,1.4,4.96,4.9,89.58,98.2,50,492,6.158869697,-0.3443055
5,T6,09:54,00:20,448,400.9996365,1.2,1.1,4.95,4.9,91,98.3,100,493,6.141112121,0.1916673
5,T6,09:57,00:23,449,400.9996167,1.185,1,4.9425,4.9,92.065,98.4,200,492,6.127793939,0.353862
5,T6,10:00,00:26,450,400.4286149,1.17,1.1,4.935,5,93.13,98.4,400,491,6.114475758,0.1336204
5,T6,10:02,00:28,451,400.4286016,1.16,1,4.93,5,93.84,98.4,600,492,6.10559697,0.3060382
5,T6,10:04,00:30,452,400.4285884,1.15,1,4.925,5,94.55,98.4,800,492,6.096718182,0.286909
5,T6,10:05,00:31,453,400.4285818,1.145,0.9,4.9225,5,94.905,98.4,1000,491,6.092278788,0.4676642
5,T6,10:07,00:33,454,400.4285686,1.135,0.8,4.9175,5.1,95.615,98.4,1200,492,6.0834,0.6407577
10,T6,14:05,00:08,483,398.1430677,1.418181818,2.8,9.836363636,10,98.4,99.1,0,491,6.147148649,-2.6366467
10,T6,14:10,00:13,484,398.1430346,1.429545455,2.1,9.859090909,9.9,98.4,99.2,25,491,6.129054054,-1.2792916
10,T6,14:14,00:17,485,398.1430082,1.438636364,1.7,9.877272727,10,98.4,99.1,50,493,6.114578378,-0.5007375
10,T6,14:18,00:21,486,398.1429818,1.447727273,1.4,9.895454545,10,98.4,99,100,491,6.100102703,0.0910679
10,T6,14:21,00:24,487,398.1429619,1.454545455,1.3,9.909090909,10,98.4,98.9,200,492,6.089245946,0.2954869
10,T6,14:24,00:27,488,398.1429421,1.461363636,1.2,9.922727273,10,98.4,98.8,400,492,6.078389189,0.49972
10,T6,14:26,00:29,489,398.1429289,1.465909091,1.1,9.931818182,10,98.4,98.7,600,492,6.071151351,0.6996074
10,T6,14:29,00:32,490,398.1429091,1.472727273,1.1,9.945454545,10,98.4,98.7,800,491,6.060294595,0.7111943
10,T6,14:32,00:35,491,398.1428892,1.479545455,1,9.959090909,10,98.4,98.6,1000,492,6.049437838,0.9168747
10,T6,14:34,00:37,492,398.142876,1.484090909,1.1,9.968181818,10,98.4,98.5,1200,492,6.0422,0.7343683
15,T6,11:04,00:10,420,422.6131387,3.126829268,4.9,14.92682927,15.1,92.36585366,99.4,0,491,6.119139394,-3.3820813
15,T6,11:09,00:15,421,421.919708,3.090243902,4.2,14.8902439,15,93.04878049,99.3,25,492,6.067609091,-2.1210021
15,T6,11:12,00:18,422,421.5036496,3.068292683,3.8,14.86829268,15,93.45853659,99.2,50,491,6.036690909,-1.3956137
15,T6,11:15,00:21,423,421.0875912,3.046341463,3.3,14.84634146,15,93.86829268,98.9,100,493,6.005772727,-0.4857811
15,T6,11:17,00:23,424,420.810219,3.031707317,3,14.83170732,15,94.14146341,98.5,200,492,5.985160606,0.0605993
15,T6,11:20,00:26,425,420.3941606,3.009756098,2.8,14.8097561,15.1,94.55121951,98,400,492,5.954242424,0.4008856
15,T6,11:22,00:28,426,420.1167883,2.995121951,2.8,14.79512195,15.1,94.82439024,97.4,600,492,5.933630303,0.3729156
15,T6,11:24,00:30,427,419.8394161,2.980487805,2.8,14.7804878,15.1,95.09756098,96.9,800,492,5.913018182,0.3449458
15,T6,11:25,00:31,428,419.7007299,2.973170732,2.8,14.77317073,15.2,95.23414634,96.3,1000,492,5.902712121,0.330961
15,T6,11:27,00:33,429,419.4233577,2.958536585,2.9,14.75853659,15.2,95.50731707,95.3,1200,492,5.8821,0.1118738
17.5,T6,14:19,00:07,533,397.8340295,1.517948718,4.4,17.5,17.6,97.84615385,100,0,492,6.151334375,-5.506095
17.5,T6,14:23,00:11,534,397.8339447,1.528205128,3.9,17.5,17.6,97.81538462,100.2,25,492,6.117696875,-4.5312643
17.5,T6,14:26,00:14,535,397.8338811,1.535897436,3.4,17.5,17.5,97.79230769,100.2,50,491,6.09246875,-3.554092
17.5,T6,14:29,00:17,536,397.8338174,1.543589744,2.8,17.5,17.5,97.76923077,100.2,100,492,6.067240625,-2.4003477
17.5,T6,14:32,00:20,537,397.8337538,1.551282051,2.5,17.5,17.6,97.74615385,100.2,200,491,6.0420125,-1.8088244
17.5,T6,14:35,00:23,538,397.8336902,1.558974359,2.2,17.5,17.6,97.72307692,100.2,400,491,6.016784375,-1.2221792
17.5,T6,14:38,00:26,539,397.8336266,1.566666667,2,17.5,17.5,97.7,100.1,600,492,5.99155625,-0.8278762
17.5,T6,14:40,00:28,540,397.8335842,1.571794872,1.9,17.5,17.6,97.68461538,99.9,800,492,5.9747375,-0.6270307
17.5,T6,14:42,00:30,541,397.8335418,1.576923077,1.9,17.5,17.6,97.66923077,99.7,1000,492,5.95791875,-0.6172335
17.5,T6,14:44,00:32,542,397.8334994,1.582051282,1.9,17.5,17.7,97.65384615,99.5,1200,492,5.9411,-0.6074364
20,T6,10:40,00:11,554,404.9993339,1.724444444,4.5,20,20,91.84130435,99.6,0,492,6.171551351,-5.3015892
20,T6,10:44,00:15,555,404.9992506,1.733333333,3.9,20,20.1,92.51086957,99.8,25,492,6.143497297,-4.1384833
20,T6,10:48,00:19,556,404.9991674,1.742222222,3.5,20,20.1,93.18043478,100,50,491,6.115443243,-3.3505987
20,T6,10:51,00:22,557,404.9991049,1.748888889,2.9,20,20,93.6826087,100,100,494,6.094402703,-2.207577
20,T6,10:54,00:25,558,404.9990425,1.755555556,2.6,20,20.1,94.18478261,100,200,491,6.073362162,-1.6096037
20,T6,10:56,00:27,559,404.9990008,1.76,2.2,20,20.1,94.51956522,100,400,491,6.059335135,-0.8386814
20,T6,10:59,00:30,560,404.9989384,1.766666667,2.1,20,20.1,95.02173913,100,600,493,6.038294595,-0.637945
20,T6,11:02,00:33,561,404.9988759,1.773333333,2.1,20,20.1,95.52391304,99.9,800,491,6.017254054,-0.6226423
20,T6,11:04,00:35,562,404.9988343,1.777777778,2,20,20.1,95.85869565,99.7,1000,492,6.003227027,-0.4244254
20,T6,11:06,00:37,563,404.9987927,1.782222222,2,20,20.1,96.19347826,99.5,1200,492,5.9892,-0.4159335
25,T6,13:38,00:12,576,399.6001124,2.294736842,5.6,25.06842105,25,96.72105263,98.8,0,493,6.130580645,-6.320122
25,T6,13:41,00:15,577,399.60005,2.318421053,5,25.06052632,25,96.77631579,98.9,25,492,6.114225806,-5.1171489
25,T6,13:44,00:18,578,399.5999875,2.342105263,4.5,25.05263158,25.1,96.83157895,99,50,492,6.097870968,-4.1178221
25,T6,13:47,00:21,579,399.5999251,2.365789474,4,25.04473684,25.1,96.88684211,99.1,100,493,6.081516129,-3.1248344
25,T6,13:49,00:23,580,399.5998834,2.381578947,3.6,25.03947368,25,96.92368421,99.2,200,492,6.070612903,-2.3250617
25,T6,13:52,00:26,581,399.599821,2.405263158,3.3,25.03157895,25,96.97894737,99.3,400,492,6.054258065,-1.7073882
25,T6,13:54,00:28,582,399.5997794,2.421052632,3.2,25.02631579,25.1,97.01578947,99.4,600,491,6.043354839,-1.4834106
25,T6,13:55,00:29,583,399.5997585,2.428947368,3,25.02368421,25.1,97.03421053,99.5,800,492,6.037903226,-1.0897151
25,T6,13:56,00:30,584,399.5997377,2.436842105,3,25.02105263,25.1,97.05263158,99.5,1000,492,6.032451613,-1.0746498
25,T6,13:57,00:31,585,399.5997169,2.444736842,2.9,25.01842105,25.1,97.07105263,99.5,1200,492,6.027,-0.8687588
0,C3,09:12,00:08,235,422.0506329,2.302040816,3,0,-0.1,85.8877551,97.1,0,485,6.495534146,-0.9279
0,C3,09:15,00:11,236,421.7848101,2.265306122,2.8,0,0,86.70816327,97.5,25,486,6.479121951,-0.7123
0,C3,09:21,00:17,237,421.2531646,2.191836735,2.5,0,0,88.34897959,97.9,50,486,6.446297561,-0.4105
0,C3,09:26,00:22,238,420.8101266,2.130612245,2.1,0,0,89.71632653,98,100,486,6.418943902,0.0408
0,C3,09:31,00:27,239,420.3670886,2.069387755,1.9,0,0,91.08367347,98.1,200,486,6.391590244,0.2256
0,C3,09:36,00:32,241,419.9240506,2.008163265,1.7,0,0,92.45102041,98.2,400,5,6.364236585,0.0042
0,C3,09:39,00:35,242,419.6582278,1.971428571,1.7,0,0,93.27142857,98.2,600,486,6.34782439,0.3616
0,C3,09:41,00:37,243,419.4810127,1.946938776,1.5,0,0,93.81836735,98.1,800,485,6.336882927,0.5941
0,C3,09:43,00:39,244,419.3037975,1.92244898,1.5,0,0,94.36530612,98.1,1000,486,6.325941463,0.5627
0,C3,09:45,00:41,245,419.1265823,1.897959184,1.5,0,0,94.9122449,98.1,1200,486,6.315,0.5301
5,C3,10:41,00:08,121,397.784,1.652,2.6,5,5,67.572,95.6,0,484,6.513580952,-1.2576
5,C3,10:49,00:16,122,397.72,1.604,2.2,5,5,70.644,93.6,25,485,6.470761905,-0.7922
5,C3,10:53,00:20,123,397.688,1.58,1.8,5,5,72.18,92.9,50,484,6.449352381,-0.2918
5,C3,10:56,00:23,124,397.664,1.562,1.4,5,4.9,73.332,92.6,100,485,6.433295238,0.2153
5,C3,11:00,00:27,125,397.632,1.538,1.1,5,5,74.868,92.5,200,486,6.411885714,0.5834
5,C3,11:04,00:31,126,397.6,1.514,1,5,5,76.404,92.6,400,486,6.39047619,0.6846
5,C3,11:07,00:34,127,397.576,1.496,0.8,5,5,77.556,93,600,486,6.374419048,0.927
5,C3,11:10,00:37,128,397.552,1.478,0.8,5,5,78.708,93.5,800,485,6.358361905,0.9012
5,C3,11:13,00:40,129,397.528,1.46,0.7,5,5,79.86,94,1000,486,6.342304762,1.0122
5,C3,11:15,00:42,130,397.512,1.448,0.7,5,5,80.628,94.3,1200,486,6.3316,0.9962
10,C3,22:03,00:08,72,404.7142857,1.7,3.7,9.934042553,10,98.83617021,99.8,0,486,6.495389474,-2.6624
10,C3,22:09,00:14,73,404.5,1.7,2.8,9.959574468,10,98.93829787,99.9,25,486,6.471231579,-1.4643
10,C3,22:13,00:18,74,404.3571429,1.7,2.2,9.976595745,10,99.00638298,99.9,50,486,6.455126316,-0.6656
10,C3,22:17,00:22,75,404.2142857,1.7,1.7,9.993617021,10,99.07446809,99.8,100,486,6.439021053,0
10,C3,22:20,00:25,76,404.1071429,1.7,1.2,10.00638298,10,99.12553191,99.7,200,485,6.426942105,0.6642
10,C3,22:23,00:28,77,404,1.7,0.8,10.01914894,10,99.17659574,99.5,400,486,6.414863158,1.1981
10,C3,22:27,00:32,78,403.8571429,1.7,0.6,10.03617021,10,99.24468085,99.4,600,486,6.398757895,1.4643
10,C3,22:30,00:35,79,403.75,1.7,0.5,10.04893617,10,99.29574468,99.3,800,486,6.386678947,1.5974
10,C3,22:32,00:37,80,403.6785714,1.7,0.4,10.05744681,10,99.32978723,99.3,1000,486,6.378626316,1.7305
10,C3,22:33,00:38,81,403.6428571,1.7,0.3,10.06170213,10.1,99.34680851,99.4,1200,486,6.3746,1.8636
15,C3,22:52,00:11,1,413.9525692,2.7,5.4,14.98043478,15.1,94.35869565,100.3,0,485,6.478384211,-3.5853
15,C3,22:56,00:15,2,413.8735178,2.7,4.5,14.93695652,15.1,94.88913043,100.6,25,486,6.437542105,-2.3951
15,C3,23:00,00:19,3,413.7944664,2.7,4,14.89347826,15,95.41956522,100.6,50,486,6.3967,-1.7298
15,C3,23:03,00:22,4,413.7351779,2.7,3.3,14.86086957,15.1,95.8173913,100.7,100,486,6.366068421,-0.7984
15,C3,23:06,00:25,5,413.6758893,2.7,2.7,14.82826087,15.1,96.21521739,100.7,200,486,6.335436842,0
15,C3,23:09,00:28,6,413.6166008,2.7,2.2,14.79565217,15.1,96.61304348,100.6,400,486,6.304805263,0.6653
15,C3,23:12,00:31,7,413.5573123,2.7,1.8,14.76304348,15.1,97.01086957,100.5,600,486,6.274173684,1.1975
15,C3,23:15,00:34,8,413.4980237,2.7,1.7,14.73043478,15.1,97.40869565,100.3,800,485,6.243542105,1.3279
15,C3,23:18,00:37,9,413.4387352,2.7,1.7,14.69782609,15.1,97.80652174,100.1,1000,486,6.212910526,1.3306
15,C3,23:19,00:38,10,413.4189723,2.7,1.7,14.68695652,15.1,97.93913043,100,1200,487,6.2027,1.3333
17.5,C3,10:40,00:09,185,410.5587045,1.2,5.1,17.5,17.5,66.62340426,97,0,485,6.463765,-5.1803
17.5,C3,10:45,00:14,186,410.3765182,1.2,4,17.5,17.5,70.58085106,97.6,25,485,6.43119,-3.7189
17.5,C3,10:48,00:17,187,410.2672065,1.2,3.3,17.5,17.5,72.95531915,97.8,50,486,6.411645,-2.7948
17.5,C3,10:52,00:21,188,410.1214575,1.2,2.3,17.5,17.5,76.1212766,98.1,100,486,6.385585,-1.4638
17.5,C3,10:55,00:24,189,410.0121457,1.2,1.7,17.5,17.5,78.49574468,98.2,200,486,6.36604,-0.6653
17.5,C3,10:58,00:27,190,409.902834,1.2,0.9,17.5,17.6,80.87021277,98.4,400,485,6.346495,0.3984
17.5,C3,11:01,00:30,191,409.7935223,1.2,0.5,17.5,17.5,83.24468085,98.4,600,486,6.32695,0.9314
17.5,C3,11:04,00:33,192,409.6842105,1.2,0.3,17.5,17.5,85.61914894,98.5,800,485,6.307405,1.195
17.5,C3,11:07,00:36,193,409.5748988,1.2,0.1,17.5,17.5,87.99361702,98.4,1000,484,6.28786,1.4574
17.5,C3,11:11,00:40,194,409.4291498,1.2,0,17.5,17.6,91.15957447,98.2,1200,486,6.2618,1.5964
20,C3,07:57,00:16,303,408.9232586,1.888888889,5.4,20,20,85.55185185,99.3,0,485,6.403608696,-4.6605
20,C3,08:01,00:20,304,408.8099174,1.911111111,4.6,20,20,86.91481481,99.7,25,486,6.37926087,-3.5763
20,C3,08:05,00:24,305,408.6965762,1.933333333,4,20,20,88.27777778,99.9,50,485,6.354913043,-2.743
20,C3,08:08,00:27,306,408.6115702,1.95,3.4,20,20.1,89.3,100,100,486,6.336652174,-1.9285
20,C3,08:11,00:30,307,408.5265643,1.966666667,2.8,20,20,90.32222222,100.1,200,486,6.318391304,-1.1083
20,C3,08:15,00:34,308,408.4132231,1.988888889,2.2,20,20.1,91.68518519,100.1,400,486,6.294043478,-0.2808
20,C3,08:18,00:37,309,408.3282172,2.005555556,1.8,20,20.1,92.70740741,100.2,600,485,6.275782609,0.2728
20,C3,08:21,00:40,310,408.2432113,2.022222222,1.6,20,20.1,93.72962963,100.2,800,487,6.257521739,0.5626
20,C3,08:24,00:43,311,408.1582054,2.038888889,1.3,20,20.1,94.75185185,100.1,1000,485,6.23926087,0.9805
20,C3,08:27,00:46,312,408.0731995,2.055555556,1.3,20,20.1,95.77407407,100,1200,486,6.221,1.0047
25,C3,15:28,00:14,365,396.1440378,3.357142857,7.9,25.1,25.1,97.14285714,99.6,0,485,6.43115122,-6.0231
25,C3,15:32,00:18,366,396.0306966,3.373469388,7.1,25.1,24.9,96.72653061,98.4,25,486,6.405765854,-4.9511
25,C3,15:35,00:21,367,395.9456907,3.385714286,6.2,25.1,25,96.41428571,95.9,50,485,6.386726829,-3.7314
25,C3,15:37,00:23,368,395.8890201,3.393877551,5.6,25.1,25.1,96.20612245,95.4,100,486,6.374034146,-2.9311
25,C3,15:40,00:26,369,395.8040142,3.406122449,4.9,25.1,25.1,95.89387755,96.4,200,486,6.354995122,-1.9848
25,C3,15:43,00:29,370,395.7190083,3.418367347,4.2,25.1,25,95.58163265,95.1,400,486,6.335956098,-1.0385
25,C3,15:46,00:32,371,395.6340024,3.430612245,3.9,25.1,25.1,95.26938776,95.6,600,485,6.316917073,-0.6224
25,C3,15:49,00:35,372,395.5489965,3.442857143,3.7,25.1,25.1,94.95714286,96.8,800,487,6.297878049,-0.3424
25,C3,15:52,00:38,373,395.4639906,3.455102041,3.3,25.1,25.1,94.64489796,98.2,1000,485,6.278839024,0.2057
25,C3,15:55,00:41,374,395.3789847,3.467346939,3.3,25.1,25,94.33265306,97.6,1200,486,6.2598,0.2224
0,C4,10:05,00:07,246,417.3544304,1.7,3,0,0,97.08421053,98.1,0,485,6.69946875,-1.3257
0,C4,10:10,00:12,247,416.9113924,1.7,2.6,0,0,97.21578947,98.4,25,486,6.678375,-0.9197
0,C4,10:17,00:19,248,416.2911392,1.7,2.1,0,0,97.4,98.5,50,486,6.64884375,-0.4087
0,C4,10:24,00:26,249,415.6708861,1.7,1.7,0,0,97.58421053,98.6,100,486,6.6193125,0
0,C4,10:32,00:34,250,414.9620253,1.7,1.2,0,0,97.79473684,98.7,200,487,6.5855625,0.512
0,C4,10:36,00:38,251,414.6075949,1.7,1,0,0,97.9,98.7,400,485,6.5686875,0.7138
0,C4,10:40,00:42,252,414.2531646,1.7,1,0,0,98.00526316,98.7,600,484,6.5518125,0.7123
0,C4,10:42,00:44,253,414.0759494,1.7,0.9,0,0,98.05789474,98.7,800,486,6.543375,0.8175
0,C4,10:45,00:47,254,413.8101266,1.7,0.8,0,0,98.13684211,98.6,1000,486,6.53071875,0.9197
0,C4,10:46,00:48,255,413.721519,1.7,0.8,0,0,98.16315789,98.7,1200,486,6.5265,0.9197
5,C4,11:34,00:08,131,397.36,1.4,3.3,5,5,82.59272727,93.6,0,485,6.719357778,-1.9372
5,C4,11:38,00:12,132,397.328,1.4,2.9,5,4.9,82.78909091,92.3,25,485,6.697286667,-1.5294
5,C4,11:43,00:17,133,397.288,1.4,2.1,5,5,83.03454545,91.4,50,485,6.669697778,-0.7137
5,C4,11:48,00:22,134,397.248,1.4,1.3,5,5.1,83.28,93.1,100,485,6.642108889,0.102
5,C4,11:52,00:26,135,397.216,1.4,0.9,5,4.9,83.47636364,93.3,200,485,6.620037778,0.5098
5,C4,11:56,00:30,136,397.184,1.4,0.6,5,4.9,83.67272727,93.5,400,485,6.597966667,0.8157
5,C4,12:02,00:36,137,397.136,1.4,0.4,5,5,83.96727273,93.8,600,486,6.56486,1.0217
5,C4,12:06,00:40,138,397.104,1.4,0.2,5,5,84.16363636,93.9,800,486,6.542788889,1.226
5,C4,12:09,00:43,139,397.08,1.4,0.2,5,5,84.31090909,94.2,1000,486,6.526235556,1.226
5,C4,12:11,00:45,140,397.064,1.4,0.1,5,5,84.40909091,94.6,1200,485,6.5152,1.3255
10,C4,21:10,00:11,61,406.3904762,1.918518519,4.2,9.959259259,10,70.35185185,98.2,0,485,6.711619565,-2.3259
10,C4,21:16,00:17,62,406.1428571,1.874074074,3.2,9.937037037,10,74.30740741,97.1,25,486,6.678684783,-1.3544
10,C4,21:19,00:20,63,406.0190476,1.851851852,2.6,9.925925926,10,76.28518519,96.3,50,486,6.662217391,-0.7642
10,C4,21:23,00:24,65,405.8539683,1.822222222,2,9.911111111,10.1,78.92222222,96.4,100,486,6.64026087,-0.1816
10,C4,21:26,00:27,66,405.7301587,1.8,1.3,9.9,10.2,80.9,97.5,200,486,6.623793478,0.5107
10,C4,21:30,00:31,67,405.5650794,1.77037037,0.7,9.885185185,10,83.53703704,98.5,400,486,6.601836957,1.0933
10,C4,21:35,00:36,68,405.3587302,1.733333333,0.2,9.866666667,10.1,86.83333333,99.2,600,486,6.574391304,1.5661
10,C4,21:38,00:39,69,405.2349206,1.711111111,0,9.855555556,10.1,88.81111111,99.5,800,486,6.557923913,1.7476
10,C4,21:41,00:42,70,405.1111111,1.688888889,-0.2,9.844444444,10.1,90.78888889,99.7,1000,486,6.541456522,1.9291
10,C4,21:45,00:46,71,404.9460317,1.659259259,-0.3,9.82962963,10.1,93.42592593,99.7,1200,485,6.5195,1.9968
15,C4,23:39,00:11,11,413.0237154,2.722916667,5.5,14.76875,15.1,98.70416667,100.9,0,485,6.704265,-2.8288
15,C4,23:45,00:17,12,412.9051383,2.735416667,4.6,14.80625,15.1,98.37916667,100.9,25,486,6.646755,-1.9032
15,C4,23:47,00:19,13,412.8656126,2.739583333,4,14.81875,15.1,98.27083333,101,50,486,6.627585,-1.2865
15,C4,23:51,00:23,14,412.7865613,2.747916667,3.3,14.84375,15.1,98.05416667,101,100,488,6.589245,-0.5658
15,C4,23:54,00:26,15,412.7272727,2.754166667,2.3,14.8625,15.1,97.89166667,101,200,485,6.56049,0.4626
15,C4,23:57,00:29,16,412.6679842,2.760416667,1.5,14.88125,15.1,97.72916667,101,400,486,6.531735,1.2865
15,C4,00:00,###############################################################################################################################################################################################################################################################,17,412.6086957,2.766666667,1,14.9,15.1,97.56666667,101,600,486,6.50298,1.8033
15,C4,00:03,###############################################################################################################################################################################################################################################################,18,412.5494071,2.772916667,0.8,14.91875,15.1,97.40416667,101,800,486,6.474225,2.0138
15,C4,00:05,###############################################################################################################################################################################################################################################################,19,412.5098814,2.777083333,0.5,14.93125,15.1,97.29583333,101,1000,486,6.455055,2.3243
15,C4,00:08,###############################################################################################################################################################################################################################################################,20,412.4505929,2.783333333,0.4,14.95,15.1,97.13333333,101,1200,486,6.4263,2.4327
17.5,C4,11:44,00:14,195,408.2267206,1.15,5.4,17.475,17.5,94.95,98.9,0,486,6.750651064,-4.337
17.5,C4,11:50,00:20,196,408.0080972,1.171428571,4.4,17.46428571,17.5,95.27142857,99.1,25,486,6.702587234,-3.2946
17.5,C4,11:53,00:23,197,407.8987854,1.182142857,3.7,17.45892857,17.5,95.43214286,99.2,50,486,6.678555319,-2.5694
17.5,C4,11:57,00:27,198,407.7530364,1.196428571,2.6,17.45178571,17.5,95.64642857,99.4,100,486,6.646512766,-1.4323
17.5,C4,12:00,00:30,199,407.6437247,1.207142857,1.6,17.44642857,17.5,95.80714286,99.4,200,485,6.622480851,-0.4001
17.5,C4,12:05,00:35,200,407.4615385,1.225,0.7,17.4375,17.5,96.075,99.5,400,485,6.58242766,0.5346
17.5,C4,12:08,00:38,201,407.3522267,1.235714286,0.1,17.43214286,17.6,96.23571429,99.5,600,485,6.558395745,1.1565
17.5,C4,12:11,00:41,202,407.242915,1.246428571,-0.1,17.42678571,17.6,96.39642857,99.4,800,486,6.53436383,1.3739
17.5,C4,12:14,00:44,203,407.1336032,1.257142857,-0.3,17.42142857,17.5,96.55714286,99.3,1000,486,6.510331915,1.589
17.5,C4,12:17,00:47,204,407.0242915,1.267857143,-0.5,17.41607143,17.6,96.71785714,99.2,1200,485,6.4863,1.8003
20,C4,08:56,00:18,313,407.2514758,2.061016949,6.5,20,20,98.09491525,100.4,0,486,6.623158824,-4.528
20,C4,09:00,00:22,314,407.1381346,2.074576271,5.6,20,20.1,98.02711864,100.5,25,485,6.590060784,-3.5887
20,C4,09:06,00:28,315,406.9681228,2.094915254,4.8,20,20.1,97.92542373,100.5,50,486,6.540413725,-2.7593
20,C4,09:10,00:32,316,406.8547816,2.108474576,3.7,20,20,97.85762712,100.5,100,485,6.507315686,-1.6201
20,C4,09:13,00:35,317,406.7697757,2.118644068,2.8,20,20.1,97.80677966,100.5,200,486,6.482492157,-0.695
20,C4,09:16,00:38,318,406.6847698,2.128813559,1.9,20,20.1,97.7559322,100.5,400,485,6.457668627,0.2329
20,C4,09:20,00:42,319,406.5714286,2.142372881,1.5,20,20.1,97.68813559,100.4,600,486,6.424570588,0.6553
20,C4,09:23,00:45,320,406.4864227,2.152542373,1.2,20,20.1,97.63728814,100.3,800,487,6.399747059,0.9736
20,C4,09:26,00:48,321,406.4014168,2.162711864,1,20,20.1,97.58644068,100.1,1000,485,6.374923529,1.1836
20,C4,09:29,00:51,322,406.3164109,2.172881356,0.9,20,20.1,97.53559322,100,1200,486,6.3501,1.2984
25,C4,16:21,00:15,375,394.6422668,3.5,9,25.07169811,25,95.35471698,99.2,0,492,6.6715,-5.6751
25,C4,16:26,00:20,376,394.5005903,3.5,8.3,25.06226415,25.1,95.93962264,99.4,25,492,6.6356,-4.9528
25,C4,16:29,00:23,377,394.4155844,3.5,7.4,25.05660377,25.1,96.29056604,99.6,50,492,6.61406,-4.0241
25,C4,16:32,00:26,378,394.3305785,3.5,6.4,25.0509434,25,96.64150943,99.9,100,492,6.59252,-2.9922
25,C4,16:36,00:30,379,394.2172373,3.5,5.2,25.04339623,25,97.10943396,100.2,200,493,6.5638,-1.7576
25,C4,16:39,00:33,380,394.1322314,3.5,4.3,25.03773585,25.1,97.46037736,100.4,400,492,6.54226,-0.8254
25,C4,16:42,00:36,381,394.0472255,3.5,3.7,25.03207547,25.1,97.81132075,100.6,600,492,6.52072,-0.2064
25,C4,16:46,00:40,382,393.9338843,3.5,3.3,25.0245283,25.1,98.27924528,100.7,800,492,6.492,0.2064
25,C4,16:48,00:42,383,393.8772137,3.5,3.1,25.02075472,25.1,98.51320755,100.7,1000,491,6.47764,0.4119
25,C4,16:51,00:45,384,393.7922078,3.5,2.9,25.01509434,25.1,98.86415094,100.8,1200,493,6.4561,0.6203