temperature,sample,time,relative minutes,RecN,CO2 ambient,CO2 EC,CO2 delta,ZP tcuv,Tcuv,ZP rh,relH,light,Flow,Weight,CO2_PER_WEIGHT,light_dark
25,C1,10:32,00:11,,407.6092715,2.434375,3.2,25,25,64.57125,80.2,750,500,6.73,-777.8264,light
25,C1,10:37,00:16,,407.5596026,2.45,6.2,25,25.2,64.74,80.7,0,499,6.73,-3802.1212,dark
25,C1,11:00,00:39,,407.3311258,2.521875,3,25,25.2,65.51625,84,750,500,6.59,-485.7296,light
25,C1,11:03,00:42,,407.3013245,2.53125,6,25,24.9,65.6175,84.6,0,499,6.59,-3516.8608,dark
25,C1,11:20,00:59,,407.1324503,2.584375,2.7,25,24.9,66.19125,81.2,750,499,6.453,-117.2265,light
25,C1,11:23,01:02,,407.102649,2.59375,5.5,25,24.5,66.2925,82.1,0,488,6.453,-2881.541,dark
25,C1,11:42,01:21,,406.9139073,2.653125,2.6,25,24.9,66.93375,77.8,750,499,6.311,53.8595,light
25,C1,11:46,01:25,,406.8741722,2.665625,4.9,25,25,67.06875,79.2,0,500,6.311,-2269.797,dark
25,C1,12:04,01:43,,406.6953642,2.721875,2.8,25,25.1,67.67625,74.4,750,499,6.1956,-79.2032,light
25,C1,12:07,01:46,,406.6655629,2.73125,4.2,25,25,67.7775,76.1,0,499,6.1956,-1489.0157,dark
25,C1,12:26,02:05,,406.4768212,2.790625,3.1,25,25.1,68.41875,79.2,750,499,6.124,-313.6371,light
25,C1,12:29,02:08,,406.4470199,2.8,4,25,25,68.52,79.3,0,500,6.124,-1218.9657,dark
25,C1,12:49,02:28,,406.2483444,2.8625,3,25,25.1,69.195,73.9,750,499,6.064,-139.3907,light
25,C1,12:52,02:31,,406.218543,2.871875,3.3,25,24.9,69.29625,74,0,499,6.064,-434.0106,dark
20,C1,10:43,00:18,,412.2125341,2.654545455,2.1,20.1,19.9,83.85272727,89.4,750,500,6.691,563.4256,light
20,C1,10:47,00:22,,412.1035422,2.666666667,5.1,20.1,20.2,83.75333333,89.1,0,499,6.691,-2467.3605,dark
20,C1,11:15,00:50,,411.3405995,2.751515152,2.3,20.1,20,83.05757576,86.3,750,500,6.546,458.7543,light
20,C1,11:19,00:54,,411.2316076,2.763636364,4.8,20.1,20.1,82.95818182,86,0,500,6.546,-2069.0177,dark
20,C1,11:39,01:14,,410.6866485,2.824242424,2.5,20.1,20.1,82.46121212,86.8,750,500,6.444,329.4458,light
20,C1,11:43,01:18,,410.5776567,2.836363636,4.6,20.1,20,82.36181818,86.9,0,500,6.444,-1791.9432,dark
20,C1,12:07,01:42,,409.9237057,2.909090909,2.2,20.1,19.9,81.76545455,89.4,750,499,6.357,719.0415,light
20,C1,12:10,01:45,,409.8419619,2.918181818,4.6,20.1,20,81.69090909,89,0,500,6.357,-1708.8397,dark
20,C1,12:32,02:07,,409.2425068,2.984848485,2.3,20.1,20.1,81.14424242,89.6,750,499,6.286,694.4694,light
20,C1,12:35,02:10,,409.1607629,2.993939394,4.4,20.1,19.9,81.06969697,88.9,0,499,6.286,-1425.8159,dark
20,C1,12:57,02:32,,408.5613079,3.060606061,2.5,20.1,20.1,80.5230303,88,750,500,6.219,569.6295,light
20,C1,13:01,02:36,,408.4523161,3.072727273,4.3,20.1,19.9,80.42363636,87.9,0,500,6.219,-1247.0297,dark
20,C1,13:33,03:08,,407.5803815,3.18,2.7,20.02,20,61.64,87.4,750,500,6.155,487.9541,light
20,C1,13:37,03:12,,407.4713896,3.181702128,3.9,20.01829787,20,61.24510638,86.9,0,500,6.155,-730.2079,dark
20,C1,14:04,03:39,,406.7356948,3.193191489,3.2,20.00680851,20,58.57957447,84,750,500,6.097,-6.9219,light
20,C1,14:07,03:42,,406.653951,3.194468085,3.6,20.00553191,20,58.28340426,82.5,0,499,6.097,-411.4615,dark
0,C1,11:26,00:12,,425.1434263,1.8,1.4,0,0,84.66861314,94.5,750,500,6.883,407.0182,light
0,C1,11:30,00:16,,425.0159363,1.8,2.5,0,0,85.02481752,94.5,0,499,6.883,-710.8557,dark
0,C1,11:52,00:38,,424.314741,1.8,1,0,0,86.98394161,95.1,750,499,6.845,812.3965,light
0,C1,11:55,00:41,,424.2191235,1.8,2,0,0,87.25109489,95.2,0,499,6.845,-203.0988,dark
0,C1,12:16,01:02,,423.5498008,1.8,0.9,0,0,89.12116788,95.6,750,499,6.807,913.9337,light
0,C1,12:19,01:05,,423.4541833,1.8,2.1,0,0,89.38832117,95.6,0,499,6.807,-304.644,dark
0,C1,12:41,01:27,,422.752988,1.8,0.9,0,0,91.34744526,95.8,750,500,6.777,915.7523,light
0,C1,12:44,01:30,,422.6573705,1.8,2.2,0,0,91.61459854,95.9,0,499,6.777,-406.1863,dark
0,C1,13:06,01:52,,421.9561753,1.8,1,0,0,93.57372263,95.9,750,499,6.741,812.3626,light
0,C1,13:09,01:55,,421.8605578,1.8,2.2,0,0,93.84087591,96.1,0,499,6.741,-406.1806,dark
0,C1,13:43,02:29,,420.7768924,1.915503876,1.1,0.231007752,0,94.60645995,95.9,750,500,6.686,829.7518,light
0,C1,13:46,02:32,,420.6812749,1.917829457,2.3,0.235658915,0,94.58242894,95.9,0,499,6.686,-388.0699,dark
0,C1,14:10,02:56,,419.9163347,1.936434109,1.3,0.272868217,0,94.39018088,96,750,500,6.642,647.5532,light
0,C1,14:14,03:00,,419.7888446,1.939534884,2.3,0.279069767,0,94.35813953,96.1,0,500,6.642,-366.7627,dark
0,C1,14:37,03:23,,419.0557769,1.957364341,1.3,0.314728682,0,94.17390181,96.3,750,499,6.606,667.5111,light
0,C1,14:41,03:27,,418.9282869,1.960465116,2.3,0.320930233,0,94.14186047,96.3,0,499,6.606,-344.7757,dark
0,C1,15:03,03:49,,418.2270916,1.97751938,1.2,0.35503876,0,93.96563307,96.4,750,499,6.5631,789.5204,light
0,C1,15:07,03:53,,418.0996016,1.980620155,2.4,0.36124031,0,93.93359173,96.4,0,499,6.5631,-425.853,dark
0,C1,15:32,04:18,,417.3027888,2,1,0.4,0,93.73333333,96.4,750,500,6.518,1017.4695,light
0,C1,15:36,04:22,,417.1752988,2.003100775,2.4,0.40620155,0,93.70129199,96.4,0,499,6.518,-403.0252,dark
0,C1,16:04,04:50,,416.2828685,2.024806202,1.1,0.449612403,0,93.47700258,96.2,750,499,6.457,939.0797,light
0,C1,16:09,04:55,,416.123506,2.028682171,2.3,0.457364341,0,93.4369509,96.3,0,500,6.457,-276.0574,dark
0,C1,16:48,05:34,,414.8804781,2.058914729,1.5,0.517829457,0,93.1245478,95.8,750,500,6.372,568.678,light
0,C1,16:52,05:38,,414.752988,2.062015504,2.4,0.524031008,0,93.09250646,95.8,0,499,6.372,-343.2007,dark
0,C1,17:17,06:03,,413.9561753,2.081395349,1.6,0.562790698,0,92.89224806,95.4,750,500,6.298,489.8043,light
0,C1,17:20,06:06,,413.8605578,2.08372093,2.4,0.567441861,-0.1,92.86821705,95.5,0,499,6.298,-321.1601,dark
5,C1,16:12,03:24,,424,3.242857143,3,5,4.9,96.77142857,96.9,750,500,6.46,247.0347,light
5,C1,16:16,03:28,,424,3.261344538,4.7,5,5,96.78655462,97,0,500,6.46,-1463.4024,dark
5,C1,16:58,04:10,,424,3.4,2.6,5.125944584,4.9,95.13677582,96.7,750,500,6.403,813.7671,light
5,C1,17:02,04:14,,424,3.4,4.4,5.127959698,5,95.10856423,96.7,0,500,6.403,-1017.209,dark
5,C1,17:30,04:42,,424,3.4,2.5,5.142065491,5,94.91108312,96.7,750,500,6.345,915.489,light
5,C1,17:36,04:48,,424,3.4,4,5.145088161,5,94.86876574,96.8,0,500,6.345,-610.3261,dark
5,C1,18:08,05:20,,424,3.4,2.5,5.161209068,4.9,94.64307305,96.5,750,500,6.288,915.4902,light
5,C1,18:12:00,05:24:00,,424,3.4,3.9,5.163224181,5,94.61486146,96.5,0,500,6.288,-508.6057,dark
5,C1,18:36:00,05:48:00,,424,3.4,2.8,5.175314861,4.9,94.44559194,96.2,750,501,6.249,611.548,light
5,C1,18:39:00,05:51:00,,424,3.4,3.8,5.176826196,5,94.42443325,96.2,0,500,6.249,-406.8849,dark
17.5,C1,10:30,00:14,,409.9144385,2.16125,1.4,17.40875,17.4,85.02375,96.5,750,500,6.901,773.6664,light
17.5,C1,10:35,00:19,,409.8342246,2.183125,4.9,17.411875,17.6,84.639375,95,0,499,6.901,-2755.6872,dark
17.5,C1,10:59,00:43,,409.4491979,2.288125,1.4,17.426875,17.4,82.794375,88.1,750,500,6.743,902.6505,light
17.5,C1,11:03,00:47,,409.3850267,2.305625,4.5,17.429375,17.6,82.486875,89.1,0,499,6.743,-2225.8175,dark
17.5,C1,11:28,01:12,,408.9839572,2.415,1.5,17.445,17.5,80.565,86.1,750,499,6.583,928.146,light
17.5,C1,11:32,01:16,,408.9197861,2.4325,4.7,17.4475,17.6,80.2575,86.2,0,500,6.583,-2304.701,dark
17.5,C1,11:57,01:41,,408.5187166,2.541875,1.6,17.463125,17.6,78.335625,89.6,750,499,6.45,955.4493,light
17.5,C1,12:00,01:44,,408.4705882,2.555,4.3,17.465,17.4,78.105,89.3,0,499,6.45,-1770.157,dark
17.5,C1,12:28,02:12,,408.0213904,2.6775,1.7,17.4825,17.5,75.9525,81.8,750,499,6.281,991.6347,light
17.5,C1,12:31,02:15,,407.973262,2.690625,3.9,17.484375,17.6,75.721875,83.6,0,499,6.281,-1226.8682,dark
17.5,C1,13:06,02:50,,407.4117647,3.001581028,2.4,17.5,17.6,83.94624506,81.1,750,499,6.154,610.1778,light
17.5,C1,13:10,02:54,,407.3475936,3.006324111,3.4,17.5,17.5,84.18498024,80.9,0,500,6.154,-400.0999,dark
17.5,C1,13:29,03:13,,407.0427807,3.028853755,2.7,17.5,17.5,85.31897233,88.2,750,499,6.122,333.5437,light
17.5,C1,13:32,03:16:00,,406.9946524,3.032411067,3.6,17.5,17.5,85.49802372,88.3,0,500,6.122,-576.8351,dark
15,C1,12:46,00:17,,429.8285164,2.923611111,4.8,15.12916667,15,73.70694444,95.5,0,499,6.9249,-1904.0142,dark
15,C1,12:52,00:23,,429.504817,2.931944444,1.8,15.10416667,15,75.01527778,96.3,750,499,6.9249,1148.5853,light
15,C1,12:59,00:30,,429.1271676,2.941666667,4.9,15.075,14.9,76.54166667,96.4,0,499,6.8577,-1987.0743,dark
15,C1,13:04,00:35,,428.8574181,2.948611111,1.7,15.05416667,15,77.63194444,96.7,750,499,6.8577,1266.9138,light
15,C1,13:13,00:44,,428.371869,2.961111111,5.1,15.01666667,14.9,79.59444444,95.2,0,500,6.782,-2174.5227,dark
15,C1,13:19,00:50,,428.0481696,2.969444444,1.6,14.99166667,15,80.90277778,96.3,750,500,6.782,1392.2304,light
15,C1,13:30,01:01,,427.4547206,2.984722222,4.6,14.94583333,15,83.30138889,95.4,0,500,6.6779,-1642.0917,dark
15,C1,13:35,01:06,,427.1849711,2.991666667,1.8,14.925,15,84.39166667,96.1,750,500,6.6779,1211.4277,light
15,C1,13:47,01:18,,426.5375723,3.045348837,2.2,14.9,15,86.69767442,94.9,750,499,6.591,857.6156,light
15,C1,13:50,01:21,,426.3757225,3.047093023,4.3,14.9,15,86.73604651,95.5,0,500,6.591,-1273.6342,dark
15,C1,13:57,01:28,,425.9980732,3.051162791,2.4,14.9,14.9,86.8255814,94.8,750,499,6.529,660.6103,light
15,C1,14:00,01:31,,425.8362235,3.052906977,4.3,14.9,15,86.86395349,95.4,0,500,6.529,-1267.7212,dark
15,C1,14:07,01:38,,425.4585742,3.056976744,2.2,14.9,15,86.95348837,94.6,750,500,6.4861,871.1507,light
15,C1,14:11,01:42,,425.2427746,3.059302326,4.3,14.9,15.1,87.00465116,94.3,0,499,6.4861,-1258.6945,dark
15,C1,14:19,01:50,,424.8111753,3.063953488,2,14.9,15,87.10697674,94.1,750,500,6.4398,1081.5478,light
15,C1,14:22,01:53,,424.6493256,3.065697674,4.2,14.9,15,87.14534884,94.1,0,500,6.4398,-1153.0592,dark
15,C1,14:30,02:01,,424.2177264,3.070348837,2.2,14.9,15,87.24767442,94,750,499,6.3931,882.9699,light
15,C1,14:34,02:05,,424.0019268,3.072674419,4.2,14.9,15,87.29883721,94,0,500,6.3931,-1145.964,dark
15,C1,14:57,02:28,,422.761079,3.086046512,2,14.9,15.2,87.59302326,94.9,750,499,6.375,1101.7887,light
15,C1,15:01,02:32,,422.5452794,3.088372093,4.3,14.9,15,87.64418605,95.6,0,500,6.375,-1231.6526,dark
15,C1,15:31,03:02,,420.9267823,3.252089136,2,14.95069638,14.9,74.41476323,95.4,750,500,6.316,1273.0725,light
15,C1,15:35,03:06,,420.7109827,3.255431755,4.1,14.95181058,15,74.1183844,94.4,0,500,6.316,-858.7265,dark
15,C1,15:58,03:29,,419.4701349,3.274651811,2,14.95821727,14.9,72.41420613,94.2,750,499,6.2625,1293.466,light
15,C1,16:02,03:33,,419.2543353,3.277994429,3.9,14.95933148,14.9,72.1178273,92.8,0,499,6.2625,-631.1898,dark
15,C1,16:25,03:56,,418.0134875,3.297214485,2.1,14.96573816,14.9,70.41364903,93.8,750,499,6.217,1214.9278,light
15,C1,16:29,04:00,,417.7976879,3.300557103,3.7,14.96685237,15,70.11727019,91,0,500,6.217,-406.1672,dark
15,C1,16:50,04:21,,416.6647399,3.31810585,2.7,14.97270195,15,68.56128134,93,750,499,6.1767,627.2711,light
15,C1,16:54,04:25,,416.4489403,3.321448468,3.6,14.97381616,14.9,68.26490251,91.1,0,500,6.1767,-283.2498,dark
10,C1,13:38,00:14,,410,2.090322581,0.3,9.992473118,10,96.01505376,96.8,750,500,6.707,1820.4893,light
10,C1,13:43,00:19,,410,2.122580645,1.4,9.989784946,10,96.02043011,97.2,0,499,6.707,733.2866,dark
10,C1,14:06,00:42,,410,2.270967742,-0.3,9.977419355,9.9,96.04516129,97.5,750,500,6.635,2614.2904,light
10,C1,14:10,00:46,,410,2.296774194,1.7,9.975268817,10,96.04946237,97.5,0,500,6.635,606.8303,dark
10,C1,14:29,01:05,,410,2.419354839,-0.5,9.965053763,9.9,96.06989247,97.4,750,499,6.566,2962.6131,light
10,C1,14:36,01:12,,410,2.464516129,2.8,9.961290323,10.1,96.07741935,97.6,0,500,6.566,-341.1373,dark
10,C1,14:56,01:32,,410,2.593548387,0.6,9.950537634,9.9,96.09892473,97.3,750,499,6.519,2023.0899,light
10,C1,15:00,01:36,,410,2.619354839,3,9.948387097,10,96.10322581,97.5,0,499,6.519,-386.2858,dark
10,C1,15:21,01:57,,410,2.75483871,0.7,9.937096774,10,96.12580645,97.3,750,499,6.4665,2085.29,light
10,C1,15:25,02:01,,410,2.780645161,3.1,9.934946237,9.9,96.13010753,97.4,0,500,6.4665,-324.737,dark
10,C1,15:43,02:19,,410,2.896774194,1.3,9.925268817,10,96.14946237,97.2,750,500,6.4134,1623.6858,light
10,C1,15:47,02:23,,410,2.922580645,3.3,9.92311828,9.9,96.15376344,97.3,0,500,6.4134,-383.7803,dark
10,C1,16:07,02:43,,410,3.051612903,1.7,9.912365591,10,96.17526882,97.1,750,499,6.3646,1371.6448,light
10,C1,16:10,02:46,,410,3.070967742,3.7,9.910752688,9.9,96.17849462,97.1,0,499,6.3646,-638.355,dark
10,C1,16:38,03:14,,410,3.609859155,2.1,9.9,10,95.8584507,96.5,750,500,6.311,1535.3147,light
10,C1,16:40,03:16,,410,3.614084507,3.6,9.9,9.8,95.85492958,96.7,0,500,6.311,14.322,dark
10,C1,16:58,03:34,,410,3.652112676,2.5,9.9,10,95.82323944,96.3,750,500,6.265,1171.5373,light
10,C1,17:02,03:38,,410,3.66056338,3.8,9.9,9.9,95.81619718,96.6,0,500,6.265,-141.7875,dark
10,C1,17:21,03:57,,410,3.700704225,3,9.9,9.9,95.78274648,96.2,750,500,6.228,712.5185,light
10,C1,17:26,04:02,,410,3.711267606,4.1,9.9,9.9,95.77394366,96.5,0,499,6.228,-394.4961,dark
10,C1,17:43,04:19,,410,3.747183099,3.8,9.9,10,95.74401408,95.1,750,500,6.176,-53.7074,light
10,C1,17:45,04:21,,410,3.751408451,4.3,9.9,9.8,95.74049296,95.3,0,500,6.176,-557.8414,dark
25,C2,10:50,00:29,,407.4304636,2.490625,1.9,25,25.4,65.17875,82.8,750,500,6.54,629.5324,light
25,C2,10:53,00:32,,407.4006623,2.5,5.8,25,24.9,65.28,84,0,499,6.54,-3510.3409,dark
25,C2,11:11,00:50,,407.2218543,2.55625,2.3,25,25.2,65.8875,81.7,750,500,6.407,273.1241,light
25,C2,11:14,00:53,,407.192053,2.565625,5.5,25,25,65.98875,82.5,0,499,6.407,-3121.3385,dark
25,C2,11:31,01:10,,407.0231788,2.61875,2.3,25,25.1,66.5625,82,750,499,6.286,339.0527,light
25,C2,11:34,01:13,,406.9933775,2.628125,4.9,25,24.8,66.66375,82.2,0,500,6.286,-2421.4166,dark
25,C2,11:53,01:32,,406.8046358,2.6875,2.5,25,25.1,67.305,74.9,750,500,6.165,199.8376,light
25,C2,11:56,01:35,,406.7748344,2.696875,4.2,25,25,67.40625,76.4,0,500,6.165,-1602.0261,dark
25,C2,12:14,01:53,,406.5960265,2.753125,3.1,25,25.2,68.01375,75.9,750,499,6.087,-368.9516,light
25,C2,12:17,01:56,,406.5662252,2.7625,3.8,25,25,68.115,77.7,0,499,6.087,-1103.5272,dark
25,C2,12:37,02:16,,406.3675497,2.825,3.2,25,25.1,68.79,78.1,750,500,6.042,-399.6557,light
25,C2,12:40,02:19,,406.3377483,2.834375,3.6,25,24.8,68.89125,77.9,0,499,6.042,-814.3291,dark
20,C2,11:01,00:36,,411.7220708,2.709090909,1.3,20.1,19.9,83.40545455,87.7,750,500,6.532,1502.0747,light
20,C2,11:05,00:40,,411.613079,2.721212121,5.1,20.1,20.1,83.30606061,87.9,0,499,6.532,-2530.6951,dark
20,C2,11:28,01:03,,410.986376,2.790909091,1.6,20.1,20,82.73454545,85.5,750,499,6.407,1266.9771,light
20,C2,11:32,01:07,,410.8773842,2.803030303,4.7,20.1,20.1,82.63515152,85.9,0,500,6.407,-2022.1858,dark
20,C2,11:54,01:29,,410.2779292,2.86969697,1.5,20.1,19.9,82.08848485,89.1,750,500,6.307,1460.128,light
20,C2,11:57,01:32,,410.1961853,2.878787879,4.5,20.1,20,82.01393939,88.5,0,499,6.307,-1724.7955,dark
20,C2,12:19,01:54,,409.5967302,2.945454545,1.9,20.1,20,81.46727273,89.4,750,500,6.23,1114.4951,light
20,C2,12:23,01:58,,409.4877384,2.957575758,4.4,20.1,20,81.36787879,89,0,499,6.23,-1534.6086,dark
20,C2,12:44,02:19,,408.9155313,3.021212121,2.2,20.1,20.1,80.84606061,87.5,750,499,6.1632,873.7064,light
20,C2,12:49,02:24,,408.7792916,3.036363636,4.2,20.1,20.1,80.72181818,88.5,0,499,6.1632,-1238.0231,dark
20,C2,13:19,02:54,,407.9618529,3.174042553,2.8,20.02595745,20,63.02212766,86,750,500,6.096,398.926,light
20,C2,13:24,02:59,,407.8256131,3.176170213,3.9,20.02382979,20.1,62.52851064,85.4,0,500,6.096,-771.9924,dark
20,C2,13:46,03:21,,407.226158,3.185531915,3.3,20.01446809,20,60.35659574,84.3,750,500,6.038,-122.0912,light
20,C2,13:54,03:29,,407.0081744,3.18893617,3.7,20.01106383,20.1,59.56680851,82.8,0,499,6.038,-544.0189,dark
0,C2,11:40,00:26,,424.6972112,1.8,2.1,0,0,85.91532847,94.9,750,500,6.722,-320.2728,light
0,C2,11:43,00:29,,424.6015936,1.8,2.4,0,0,86.18248175,94.9,0,498,6.722,-637.9823,dark
0,C2,12:03,00:49,,423.9641434,1.8,0.9,0,0,87.96350365,95.4,750,499,6.682,958.8843,light
0,C2,12:08,00:54,,423.8047809,1.8,2.1,0,0,88.40875912,95.5,0,500,6.682,-320.2678,dark
0,C2,12:28,01:14,,423.1673307,1.8,0.7,0,0,90.18978102,95.7,750,500,6.651,1174.3019,light
0,C2,12:33,01:19,,423.0079681,1.8,2.2,0,0,90.6350365,95.7,0,499,6.651,-426.1636,dark
0,C2,12:53,01:39,,422.3705179,1.8,0.8,0,0,92.41605839,95.8,750,499,6.623,1065.3971,light
0,C2,12:58,01:44,,422.2111554,1.8,2.2,0,0,92.86131387,95.9,0,499,6.623,-426.1576,dark
0,C2,13:19,02:05,,421.5418327,1.8,0.7,0,0,94.73138686,96,750,500,6.5894,1174.2682,light
0,C2,13:23,02:09,,421.4143426,1.8,2.1,0,0,95.08759124,96,0,499,6.5894,-319.6137,dark
0,C2,13:59,02:45,,420.2669323,1.927906977,0.7,0.255813954,0,94.47829457,96,750,499,6.5442,1308.1768,light
0,C2,14:02,02:48,,420.1713147,1.930232558,2.2,0.260465116,0,94.45426357,96,0,499,6.5442,-287.4025,dark
0,C2,14:25,03:11,,419.438247,1.948062016,0.6,0.296124031,0,94.27002584,96.1,750,500,6.503,1439.064,light
0,C2,14:28,03:14,,419.3426295,1.950387597,2.1,0.300775194,0,94.24599483,96.1,0,499,6.503,-159.3927,dark
0,C2,14:50,03:36,,418.6414343,1.96744186,0.9,0.334883721,0,94.06976744,96.2,750,500,6.4719,1139.4999,light
0,C2,14:54,03:40,,418.5139442,1.970542636,2.4,0.341085271,0,94.0377261,96.4,0,499,6.4719,-457.5311,dark
0,C2,15:17,04:03,,417.7808765,1.988372093,0.7,0.376744186,0,93.85348837,96.3,750,498,6.442,1369.8421,light
0,C2,15:21,04:07,,417.6533865,1.991472868,2.3,0.382945736,0,93.82144703,96.3,0,499,6.442,-328.6955,dark
0,C2,15:48,04:34,,416.7928287,2.012403101,0.7,0.424806202,0,93.60516796,96.3,750,499,6.403,1398.194,light
0,C2,15:52,04:38,,416.6653386,2.015503876,2.3,0.431007752,0,93.57312661,96.3,0,500,6.403,-303.7008,dark
0,C2,16:25,05:11,,415.6135458,2.041085271,1.4,0.482170543,0,93.30878553,95.6,750,500,6.287,684.3609,light
0,C2,16:35,05:21,,415.2948207,2.048837209,2.5,0.497674419,0,93.22868217,95.6,0,499,6.287,-480.6546,dark
0,C2,17:04,05:50,,414.3705179,2.071317829,1.3,0.542635659,0,92.99638243,95.7,750,500,6.2509,823.3841,light
0,C2,17:07,05:53,,414.2749004,2.073643411,2.4,0.547286822,0,92.97235142,95.7,0,499,6.2509,-347.6899,dark
0,C2,17:31,06:17,,413.5099602,2.092248062,1.4,0.584496124,0,92.78010336,94.8,750,500,6.202,738.9766,light
0,C2,17:34,06:20,,413.4143426,2.094573643,2.3,0.589147287,0,92.75607235,94.9,0,499,6.202,-218.8546,dark
5,C2,16:30,03:42,,424,3.32605042,2.4,5,5,96.8394958,96.9,750,499,6.427,986.3256,light
5,C2,16:36,03:48,,424,3.353781513,4.6,5,5,96.86218487,96.9,0,500,6.427,-1329.9926,dark
5,C2,17:13,04:25,,424,3.4,2.1,5.133501259,4.9,95.03098237,96.7,750,500,6.376,1387.4012,light
5,C2,17:17,04:29,,424,3.4,4.3,5.135516373,4.9,95.00277078,96.8,0,500,6.376,-960.5087,dark
5,C2,17:49,05:01,,424,3.4,1.9,5.15163728,5,94.77707809,96.6,750,499,6.327,1597.6478,light
5,C2,17:55,05:07,,424,3.4,4.1,5.15465995,5,94.73476071,96.7,0,500,6.327,-747.0633,dark
5,C2,18:23,05:35,,424,3.4,2.1,5.168765743,4.9,94.5372796,96.6,750,499,6.279,1384.6297,light
5,C2,18:27,05:39,,424,3.4,3.9,5.170780856,5,94.50906801,96.7,0,500,6.279,-533.6172,dark
5,C2,18:50,06:02,,424,3.4,2.5,5.182367758,4.9,94.34685139,96.1,750,500,6.223,960.5117,light
5,C2,18:54,06:06,,424,3.4,3.8,5.184382872,4.8,94.3186398,96.2,0,500,6.223,-426.8942,dark
5,C2,19:02,06:14,,424,3.4,2.5,5.188413098,5,94.26221662,95.7,750,499,6.195,958.5911,light
5,C2,19:05,06:17,,424,3.4,3.8,5.189924433,4.8,94.24105793,95.7,0,500,6.195,-426.8943,dark
5,C2,19:13,06:25,,424,3.4,2.8,5.19395466,5,94.18463476,95.3,750,499,6.161,639.061,light
5,C2,19:16,06:28,,424,3.4,3.6,5.195465995,4.8,94.16347607,95.4,0,500,6.161,-213.4472,dark
17.5,C2,10:46,00:30:00,,409.6260163,2.23125,0.6,17.41875,17.4,83.79375,95.1,750,499,6.819,1735.9467,light
17.5,C2,10:50,00:34:00,,409.5609756,2.24875,4.8,17.42125,17.5,83.48625,93.8,0,499,6.819,-2715.0105,dark
17.5,C2,11:14,00:58:00,,409.1707317,2.35375,0.6,17.43625,17.4,81.64125,86.7,750,500,6.626,1870.1286,light
17.5,C2,11:20,01:04:00,,409.0731707,2.38,4.4,17.44,17.6,81.18,87.4,0,499,6.626,-2149.7584,dark
17.5,C2,11:42,01:26:00,,408.7154472,2.47625,0.9,17.45375,17.4,79.48875,84.3,750,500,6.485,1680.9213,light
17.5,C2,11:47,01:31:00,,408.6341463,2.498125,4,17.456875,17.5,79.104375,84.6,0,500,6.485,-1601.6196,dark
17.5,C2,12:09,01:53:00,,408.2764228,2.594375,1.1,17.470625,17.4,77.413125,82.5,750,500,6.392,1593.6749,light
17.5,C2,12:13,01:57:00,,408.2113821,2.611875,3.9,17.473125,17.6,77.105625,83.9,0,500,6.392,-1373.7282,dark
17.5,C2,12:41,02:25:00,,407.7560976,2.734375,1.7,17.490625,17.6,74.953125,81.3,750,500,6.266,1103.1623,light
17.5,C2,12:46,02:30,,407.6747967,2.75625,3.7,17.49375,17.5,74.56875,81.7,0,499,6.266,-1004.5053,dark
17.5,C2,13:17,03:01,,407.1707317,3.014624506,2.5,17.5,17.7,84.6027668,82.7,750,499,6.178,547.64,light
17.5,C2,13:21,03:05,,407.1056911,3.019367589,3.7,17.5,17.4,84.84150198,84.3,0,500,6.178,-725.746,dark
17.5,C2,13:49,03:33,,406.6504065,3.05256917,1.6,17.5,17.5,86.51264822,93.7,750,500,6.145,1548.7946,light
17.5,C2,13:54,03:38,,406.5691057,3.058498024,3.9,17.5,17.6,86.81106719,92.5,0,499,6.145,-895.4472,dark
17.5,C2,14:02,03:46,,406.4390244,3.06798419,1.9,17.5,17.5,87.28853755,93.4,750,500,6.116,1245.3373,light
17.5,C2,14:06,03:50,,406.3739837,3.072727273,3.8,17.5,17.5,87.52727273,93,0,500,6.116,-775.4346,dark
17.5,C2,14:16,04:00,,406.2113821,3.08458498,2.5,17.5,17.4,88.12411067,92.9,750,500,6.081,623.29,light
17.5,C2,14:20,04:04,,406.1463415,3.089328063,3.5,17.5,17.5,88.36284585,92.8,0,500,6.081,-437.8601,dark
15,C2,14:42,01:01,,423.5703276,3.061,2,14.9,14.9,87.042,96.7,750,500,6.844,1131.5853,light
15,C2,14:47,01:06,,423.300578,3.066,5.1,14.9,15,87.152,96.8,0,499,6.844,-2164.9734,dark
15,C2,15:10,01:29,,422.0597303,3.089,1.5,14.9,15,87.658,96.3,750,500,6.7665,1694.6933,light
15,C2,15:14,01:33,,421.8439306,3.093,5,14.9,15.1,87.746,96.4,0,499,6.7665,-2029.7745,dark
15,C2,15:44,02:03,,420.2254335,3.228571429,1.1,14.94285714,14.9,76.5,96.2,750,500,6.6935,2270.5907,light
15,C2,15:48,02:07,,420.0096339,3.232752613,4.9,14.94425087,14.9,76.12926829,96.4,0,500,6.6935,-1778.4983,dark
15,C2,16:10,02:29,,418.822736,3.255749129,1.1,14.95191638,14.9,74.0902439,96.2,750,500,6.6047,2299.6774,light
15,C2,16:14,02:33,,418.6069364,3.259930314,4.7,14.9533101,15,73.7195122,96.4,0,500,6.6047,-1536.2256,dark
15,C2,16:38,02:57,,417.3121387,3.285017422,1,14.96167247,14.9,71.49512195,95.9,750,500,6.5287,2437.6857,light
15,C2,16:42,03:01,,417.0963391,3.289198606,4.7,14.9630662,14.9,71.12439024,95.7,0,500,6.5287,-1505.0705,dark
15,C2,17:03,03:22,,415.9633911,3.311149826,1.2,14.97038328,15,69.17804878,95.9,750,500,6.4535,2252.2919,light
15,C2,17:08,03:27,,415.6936416,3.316376307,4.6,14.97212544,15,68.71463415,95.7,0,499,6.4535,-1366.7131,dark
15,C2,17:23,03:42,,414.8843931,3.332055749,2.3,14.97735192,15,67.32439024,95.1,750,500,6.331,1101.0898,light
15,C2,17:27,03:46,,414.6685934,3.336236934,4.7,14.97874564,15.1,66.95365854,92.8,0,500,6.331,-1454.9943,dark
15,C2,17:35,03:54,,414.2369942,3.344599303,2,14.9815331,14.9,66.21219512,94.2,750,500,6.2857,1434.567,light
15,C2,17:39,03:58,,414.0211946,3.348780488,4.5,14.98292683,15.1,65.84146341,92.4,0,500,6.2857,-1228.256,dark
15,C2,17:48,04:07,,413.5356455,3.358188153,2.4,14.98606272,14.9,65.00731707,92.9,750,500,6.2307,1022.3223,light
15,C2,17:51,04:10,,413.3737958,3.361324042,4.3,14.98710801,15,64.72926829,90.7,0,500,6.2307,-1001.5089,dark
15,C2,18:03,04:22,,412.7263969,3.373867596,3.1,14.9912892,15,63.61707317,90.7,750,500,6.1511,292.2053,light
15,C2,18:07,04:26,,412.5105973,3.37804878,4,14.99268293,15,63.24634146,88.2,0,500,6.1511,-663.6004,dark
15,C2,18:16,04:35,,412.0250482,3.387456446,3.3,14.99581882,14.9,62.41219512,89.5,750,499,6.109,93.1277,light
15,C2,18:19,04:38,,411.8631985,3.390592334,3.9,14.99686411,14.8,62.13414634,86.5,0,500,6.109,-543.5308,dark
10,C2,13:52,00:28,,410,2.180645161,-0.9,9.984946237,9.9,96.03010753,97.3,750,500,6.7335,3286.6016,light
10,C2,13:58,00:34,,410,2.219354839,1.6,9.98172043,10.1,96.03655914,97.5,0,500,6.7335,660.7619,dark
10,C2,14:17,00:53,,410,2.341935484,-1.1,9.971505376,9.9,96.05698925,97.4,750,500,6.6748,3672.0487,light
10,C2,14:21,00:57,,410,2.367741935,1.8,9.969354839,9.9,96.06129032,97.5,0,500,6.6748,605.6988,dark
10,C2,14:44,01:20,,410,2.516129032,-0.2,9.956989247,9.9,96.08602151,97.4,750,499,6.618,2891.9249,light
10,C2,14:49,01:25,,410,2.548387097,2.8,9.954301075,10.1,96.09139785,97.7,0,500,6.618,-268.4349,dark
10,C2,15:07,01:43,,410,2.664516129,-0.2,9.944623656,10,96.11075269,97.4,750,500,6.5649,3056.0302,light
10,C2,15:13,01:49,,410,2.703225806,3.1,9.941397849,10,96.1172043,97.5,0,500,6.5649,-423.3016,dark
10,C2,15:32,02:08,,410,2.825806452,-0.1,9.931182796,10,96.13763441,97.5,750,499,6.505,3115.1777,light
10,C2,15:36,02:12,,410,2.851612903,3.1,9.929032258,9.9,96.14193548,97.5,0,499,6.505,-264.4639,dark
10,C2,15:55,02:31,,410,2.974193548,0.8,9.918817204,10,96.16236559,97.2,750,500,6.443,2319.5578,light
10,C2,15:59,02:35,,410,3,3.8,9.916666667,9.9,96.16666667,97.4,0,499,6.443,-851.7803,dark
10,C2,16:18,02:54,,410,3.122580645,1.3,9.906451613,9.9,96.18709677,97.2,750,500,6.3821,1944.4378,light
10,C2,16:21,02:57,,410,3.141935484,3.7,9.90483871,9.9,96.19032258,97.3,0,500,6.3821,-595.3766,dark
10,C2,16:48,03:24,,410,3.630985915,1.6,9.9,10,95.84084507,96.8,750,500,6.3215,2166.7876,light
10,C2,16:51,03:27,,410,3.637323944,3.8,9.9,9.8,95.83556338,97,0,500,6.3215,-173.5534,dark
10,C2,17:10,03:46,,410,3.677464789,2,9.9,10,95.80211268,96.7,750,500,6.274,1789.6292,light
10,C2,17:14,03:50,,410,3.685915493,4.3,9.9,9.9,95.79507042,96.8,0,500,6.274,-655.1456,dark
10,C2,17:33,04:09,,410,3.726056338,2.9,9.9,9.9,95.76161972,96,750,499,6.218,879.5288,light
10,C2,17:36,04:12,,410,3.732394366,4.2,9.9,9.8,95.75633803,96.3,0,500,6.218,-498.8726,dark
10,C2,17:53,04:29,,410,3.768309859,3.3,9.9,10,95.72640845,95.5,750,499,6.175,498.6248,light
10,C2,17:55,04:31,,410,3.772535211,4.3,9.9,9.8,95.72288732,95.7,0,500,6.175,-562.7345,dark
15,C3,01:13,00:13,,,2.665,2.2,14.68125,15.1,97.99,100,750,486,6.3288,618.7252,light
15,C3,01:17,00:17,,,2.685,5.1,14.70625,15,98.11,100,0,485,6.3288,-3206.7518,dark
15,C3,01:25,00:25,,,2.725,2.1,14.75625,14.8,98.35,100,750,5,6.212,8.5556,light
15,C3,01:29,00:29,,,2.745,4.7,14.78125,14.7,98.47,100,0,486,6.212,-2601.2566,dark
15,C3,01:38,00:38,,,2.79,1.5,14.8375,15,98.74,100,750,486,6.175,1716.4114,light
15,C3,01:42,00:42,,,2.81,4.6,14.8625,14.9,98.86,100,0,486,6.175,-2381.6755,dark
15,C3,01:52,00:52,,,2.86,1,14.925,15,99.16,100,750,486,6.153,2474.7833,light
15,C3,01:56,00:56,,,2.88,4.4,14.95,15,99.28,100,0,486,6.153,-2022.3936,dark
15,C3,02:07,01:07,,,2.935,1,15.01875,15,99.61,99.7,750,486,6.123,2574.5253,light
15,C3,02:11,01:11,,,2.955,4.4,15.04375,15.1,99.73,99.9,0,486,6.123,-1922.5688,dark
15,C3,02:30,01:30,,,3.142857143,2,14.95714286,15.1,96.42857143,99.8,750,486,6.047,1520.6718,light
15,C3,02:34,01:34,,,3.149206349,4.2,14.95079365,15,96.26984127,99.7,0,486,6.047,-1398.1781,dark
15,C3,02:43,01:43,,,3.163492063,2.7,14.93650794,15.1,95.91269841,97.5,750,487,5.9941,617.9929,light
15,C3,02:46,01:46,,,3.168253968,3.7,14.93174603,14.9,95.79365079,97.6,0,484,5.9941,-704.633,dark
15,C3,02:54,01:54,,,3.180952381,3.1,14.91904762,15.1,95.47619048,96.6,750,486,5.9609,107.7165,light
15,C3,02:57,01:57,,,3.185714286,3.5,14.91428571,14.9,95.35714286,96.7,0,485,5.9609,-417.3341,dark
10,C3,14:27,00:11,,,2.142857143,1.7,10,10,95.95714286,98,750,485,6.4922,588.329,light
10,C3,14:31,00:15,,,2.158441558,3.9,10,10,95.54155844,98,0,486,6.4922,-2318.4165,dark
10,C3,14:41,00:25,,,2.197402597,1.3,10,10,94.5025974,97.6,750,486,6.4305,1194.6659,light
10,C3,14:45,00:29,,,2.212987013,3.7,10,10,94.08701299,97.7,0,485,6.4305,-1975.5211,dark
10,C3,14:55,00:39,,,2.251948052,1.2,10,10,93.04805195,96.8,750,484,6.3715,1394.6671,light
10,C3,14:59,00:43,,,2.267532468,3.7,10,10,92.63246753,96.5,0,486,6.3715,-1907.0157,dark
10,C3,15:08,00:52,,,2.302597403,1.2,10,10,91.6974026,96.2,750,486,6.3112,1467.8835,light
10,C3,15:13,00:57,,,2.322077922,3.7,10,10,91.17792208,96,0,485,6.3112,-1830.6597,dark
10,C3,15:21,01:05,,,2.353246753,1.2,10,10,90.34675325,95.1,750,485,6.2478,1532.18,light
10,C3,15:25,01:09,,,2.368831169,3.6,10,10,89.93116883,95.1,0,485,6.2478,-1635.7144,dark
10,C3,15:42,01:26,,,2.570860927,1.3,10,10,93.82715232,94.9,750,486,6.1865,1691.8463,light
10,C3,15:47,01:31,,,2.580794702,3.6,10,10,94.10198675,94.9,0,485,6.1865,-1354.0307,dark
10,C3,15:56,01:40,,,2.598675497,1.3,10,10,94.59668874,94.5,750,486,6.1369,1728.8578,light
10,C3,16:01,01:45,,,2.608609272,3.5,10,10,94.87152318,94.4,0,486,6.1369,-1186.6571,dark
10,C3,16:11,01:55,,,2.628476821,1.5,10,10,95.42119205,95,750,486,6.0876,1502.2656,light
10,C3,16:14,01:58,,,2.634437086,3.5,10,10,95.58609272,94.7,0,486,6.0876,-1152.2635,dark
10,C3,16:24,02:08,,,2.654304636,1.6,10,10,96.13576159,94.2,750,486,6.0475,1403.5124,light
10,C3,16:28,02:12,,,2.662251656,3.3,10,10,96.35562914,93.9,0,485,6.0475,-847.2347,dark
10,C3,16:36,02:20,,,2.678145695,2.2,10,10,96.79536424,93.3,750,485,5.9987,635.2025,light
10,C3,16:39,02:23,,,2.68410596,3.1,10,10,96.9602649,93,0,486,5.9987,-553.641,dark
5,C3,12:34,00:09,,,1.420930233,1.4,5,5,84.05813953,95,750,485,6.482,27.8183,light
5,C3,12:37,00:12,,,1.427906977,2.7,5,5,84.24418605,94.9,0,485,6.482,-1690.7317,dark
5,C3,13:04,00:39,,,1.490697674,1,5,4.9,85.91860465,96,750,486,6.4094,653.5184,light
5,C3,13:08,00:43,,,1.5,2.7,5,5,86.16666667,95.5,0,485,6.4094,-1594.8856,dark
5,C3,13:34,01:09,,,1.560465116,1,5,5,87.77906977,95.7,750,486,6.3457,746.4231,light
5,C3,13:38,01:13,,,1.569767442,2.8,5,5,88.02713178,95.6,0,484,6.3457,-1631.6682,dark
5,C3,14:06,01:41,,,1.634883721,0.8,5,5,89.76356589,95.7,750,486,6.2868,1111.8718,light
5,C3,14:10,01:45,,,1.644186047,2.7,5,5,90.01162791,95.3,0,485,6.2868,-1403.2034,dark
5,C3,14:46,02:21,,,1.908118081,0.8,4.94797048,5,94.67380074,96,750,486,6.2224,1475.6959,light
5,C3,14:50,02:25,,,1.91402214,2.7,4.946494465,5.1,94.76383764,96.2,0,486,6.2224,-1046.6966,dark
5,C3,15:16,02:51,,,1.952398524,0.5,4.936900369,5,95.34907749,98.3,750,486,6.1817,1934.1683,light
5,C3,15:21,02:56,,,1.959778598,2.6,4.935055351,5,95.46162362,98.3,0,486,6.1817,-852.5861,dark
5,C3,15:51,03:26,,,2.004059041,0.5,4.92398524,5,96.13690037,98.3,750,486,6.1345,2002.9524,light
5,C3,15:57,03:32,,,2.012915129,2.6,4.921771218,5,96.27195572,98.3,0,486,6.1345,-781.8189,dark
5,C3,16:25,04:00,,,2.054243542,0.7,4.911439114,5,96.90221402,98.1,750,485,6.1021,1799.7216,light
5,C3,16:29,04:04,,,2.060147601,2.6,4.9099631,4.9,96.99225092,98.1,0,486,6.1021,-718.9154,dark
5,C3,17:08,04:43,,,1.944505495,0.8,5.133241758,5,95.42307692,97.2,750,487,6.067,1527.2623,light
5,C3,17:11,04:46,,,1.942857143,2.7,5.135714286,5,95.4,97.2,0,483,6.067,-1002.0555,dark
5,C3,17:38,05:13,,,1.928021978,1.6,5.157967033,4.9,95.19230769,96.6,750,485,6.0184,435.9249,light
5,C3,17:42,05:17,,,1.925824176,2.6,5.161263736,4.9,95.16153846,96.8,0,485,6.0184,-895.9463,dark
5,C3,18:08,05:43,,,1.911538462,2.1,5.182692308,4.8,94.96153846,95.1,750,486,5.9741,-250.9726,light
5,C3,18:10,05:45,,,1.91043956,2.4,5.184340659,4.9,94.94615385,95.3,0,486,5.9741,-651.9434,dark
17.5,C3,13:14,00:11,,,1.356410256,1.3,17.5,17.5,93.43974359,98.7,750,487,6.308,75.1954,light
17.5,C3,13:19,00:16,,,1.382051282,4.3,17.5,17.5,93.54871795,98.9,0,485,6.308,-3873.6707,dark
17.5,C3,13:28,00:25,,,1.428205128,1,17.5,17.6,93.74487179,98.4,750,486,6.1939,569.6258,light
17.5,C3,13:32,00:29,,,1.448717949,3.7,17.5,17.4,93.83205128,98.5,0,485,6.1939,-2988.6317,dark
17.5,C3,13:42,00:39,,,1.5,1.1,17.5,17.6,94.05,97.7,750,486,6.0914,532.1022,light
17.5,C3,13:46,00:43,,,1.520512821,3.3,17.5,17.4,94.13717949,97.7,0,485,6.0914,-2362.2976,dark
17.5,C3,13:56,00:53,,,1.571794872,1.4,17.5,17.5,94.35512821,96.9,750,486,6.0108,228.5296,light
17.5,C3,13:59,00:56,,,1.587179487,2.6,17.5,17.4,94.42051282,97,0,486,6.0108,-1347.2997,dark
17.5,C3,14:10,01:07,,,1.643589744,1.5,17.5,17.6,94.66025641,95.3,750,487,5.961,191.4017,light
17.5,C3,14:13,01:10,,,1.658974359,2.1,17.5,17.4,94.72564103,95.4,0,486,5.961,-586.6686,dark
17.5,C3,14:34,01:31,,,1.85826087,2.2,17.5,17.6,94.66025641,95.4,750,486,6.3661,-454.594,light
17.5,C3,14:38,01:35,,,1.865217391,5,17.5,17.4,94.72564103,95.4,0,486,6.3661,-4170.0034,dark
17.5,C3,14:47,01:44,,,1.880869565,2,17.5,17.6,94.66025641,95.4,750,486,6.248,-158.4717,light
17.5,C3,14:50,01:47,,,1.886086957,4.3,17.5,17.4,94.72564103,95.4,0,486,6.248,-3211.0762,dark
0,C3,11:10,00:13,,411.5159236,1.570786517,1.4,0,0,98.19775281,98.6,750,486,6.4482,227.4912,light
0,C3,11:15,00:18,,411.0700637,1.559550562,2.5,0,0,98.15842697,98.7,0,486,6.4482,-1252.6984,dark
0,C3,11:24,00:27,,410.2675159,1.539325843,1.2,0,0,98.08764045,98.6,750,485,6.3914,451.0593,light
0,C3,11:28,00:31,,409.910828,1.530337079,2.4,0,0,98.05617978,98.5,0,485,6.3914,-1156.0264,dark
0,C3,11:41,00:44,,408.7515924,1.501123596,1.1,0,0,97.95393258,98.5,750,486,6.3195,534.3057,light
0,C3,11:46,00:49,,408.3057325,1.48988764,2.4,0,0,97.91460674,98.5,0,485,6.3195,-1209.7962,dark
0,C3,11:58,01:01,,407.2356688,1.462921348,0.9,0,0,97.82022472,98.3,750,485,6.2569,748.2818,light
0,C3,12:04,01:07,,406.7006369,1.449438202,2.2,0,0,97.77303371,98.3,0,486,6.2569,-999.7665,dark
0,C3,12:15,01:18,,405.7197452,1.424719101,0.9,0,0,97.68651685,98.1,750,486,6.2008,698.9389,light
0,C3,12:19,01:22,,405.3630573,1.415730337,2.1,0,0,97.65505618,98.2,0,485,6.2008,-909.589,dark
0,C3,12:38,01:41,,403.6687898,1.562032086,1,0,0,96.78983957,97.9,750,486,6.1503,748.645,light
0,C3,12:43,01:46,,403.2229299,1.570053476,2.1,0,0,96.74973262,97.9,0,486,6.1503,-705.9062,dark
0,C3,12:55,01:58,,402.1528662,1.589304813,0.9,0,0,96.65347594,97.7,750,486,6.105,918.1772,light
0,C3,12:59,02:02,,401.7961783,1.595721925,2,0,0,96.62139037,97.9,0,485,6.105,-537.4041,dark
0,C3,13:09,02:12,,400.9044586,1.611764706,1,0,0,96.54117647,97.3,750,486,6.0706,814.8917,light
0,C3,13:13,02:16,,400.5477707,1.618181818,2.1,0,0,96.50909091,97.4,0,486,6.0706,-641.7986,dark
0,C3,13:23,02:26,,399.656051,1.634224599,1.1,0,0,96.42887701,97,750,486,6.0348,711.6061,light
0,C3,13:28,02:31,,399.2101911,1.642245989,2,0,0,96.38877005,97.1,0,485,6.0348,-475.5606,dark
0,C3,13:38,02:41,,398.3184713,1.65828877,1.3,0,0,96.30855615,96.6,750,486,6.0069,477.2537,light
0,C3,13:41,02:44,,398.0509554,1.663101604,2,0,0,96.28449198,96.6,0,486,6.0069,-448.761,dark
0,C3,13:52,02:55,,397.0700637,1.680748663,1.5,0,0,96.19625668,96.2,750,485,5.9769,240.2686,light
0,C3,13:55,02:58,,396.8025478,1.685561497,1.9,0,0,96.17219251,96.4,0,486,5.9769,-285.6402,dark
20,C3,09:52,00:13,,,2.267708333,2.7,20,20.1,95.93229167,100,750,486,6.4532,-574.8425,light
20,C3,09:57,00:18,,,2.29375,5.6,20,20,95.40625,100,0,485,6.4532,-4387.5159,dark
20,C3,10:08,00:29,,,2.351041667,2.4,20,20.1,94.24895833,100,750,486,6.3369,-65.1053,light
20,C3,10:12,00:33,,,2.371875,5.3,20,20,93.828125,100,0,485,6.3369,-3885.8787,dark
20,C3,10:23,00:44,,,2.429166667,2.3,20,20.1,92.67083333,99.9,750,486,6.2091,171.7737,light
20,C3,10:26,00:47,,,2.444791667,5,20,20,92.35520833,100,0,484,6.2091,-3384.1146,dark
20,C3,10:36,00:57,,,2.496875,2.3,20,20.1,91.303125,99.2,750,486,6.0938,261.8251,light
20,C3,10:40,01:01,,,2.517708333,4.6,20,19.9,90.88229167,99.2,0,485,6.0938,-2763.5809,dark
20,C3,10:51,01:12,,,2.575,1.8,20,19.8,89.725,99.4,750,487,6.0504,1032.8369,light
20,C3,10:55,01:16,,,2.595833333,4.3,20,20,89.30416667,99.7,0,486,6.0504,-2266.4901,dark
20,C3,11:05,01:26,,,2.647916667,1.4,20,20,88.25208333,95.8,750,485,6.0272,1656.3186,light
20,C3,11:09,01:30,,,2.66875,4.3,20,20,87.83125,95.5,0,486,6.0272,-2169.5906,dark
20,C3,11:24,01:45,,,2.7,2.5,20.08333333,20,71.45,81.2,750,486,5.9466,266.1066,light
20,C3,11:27,01:48,,,2.7,3.2,20.08571429,20,71,81.9,0,485,5.9466,-663.9048,dark
20,C3,11:35,01:56,,,2.7,2.8,20.09206349,20,69.8,75.5,750,486,5.9202,-133.0585,light
20,C3,11:37,01:58,,,2.7,2.8,20.09365079,20,69.5,76.5,0,485,5.9202,-132.7857,dark
25,C3,17:13,00:12,,,3.4625,4.3,24.98125,24.9,96.8125,99.3,750,492,6.448,-1126.4607,light
25,C3,17:17,00:16,,,3.45,7.3,24.975,25,95.85,98.1,0,492,6.448,-5178.5263,dark
25,C3,17:27,00:26,,,3.41875,3.8,24.959375,25.1,93.44375,95.9,750,492,6.3156,-512.8506,light
25,C3,17:31,00:30,,,3.40625,6.7,24.953125,25,92.48125,95.8,0,492,6.3156,-4430.8374,dark
25,C3,17:41,00:40,,,3.375,3.5,24.9375,25,90.075,98.1,750,493,6.2419,-168.5087,light
25,C3,17:45,00:44,,,3.3625,6.4,24.93125,25,89.1125,97.5,0,492,6.2419,-4086.59,dark
25,C3,17:54,00:53,,,3.334375,3.3,24.9171875,25.1,86.946875,98.4,750,492,6.1173,46.2508,light
25,C3,17:58,00:57,,,3.321875,6.1,24.9109375,25,85.984375,97.8,0,492,6.1173,-3738.0275,dark
25,C3,18:14,01:13,,,3.360330579,3.2,24.96033058,25.1,77.72396694,94.6,750,492,6.0865,215.7849,light
25,C3,18:18,01:17,,,3.363636364,5.5,24.96363636,25,77.36363636,94.9,0,491,6.0865,-2869.4664,dark
25,C3,18:26,01:25,,,3.370247934,2.9,24.97024793,25,76.64297521,96.1,750,492,6.0422,632.9163,light
25,C3,18:30,01:29,,,3.373553719,5.1,24.97355372,25,76.28264463,95.2,0,491,6.0422,-2318.9628,dark
25,C3,18:39,01:38,,,3.380991736,3.2,24.98099174,25,75.47190083,95.8,750,493,5.983,244.1046,light
25,C3,18:42,01:41,,,3.383471074,4.5,24.98347107,25,75.20165289,94.5,0,491,5.983,-1499.7727,dark
25,C3,18:51,01:50,,,3.390909091,3.4,24.99090909,25,74.39090909,92.2,750,492,5.931,-12.2365,light
25,C3,18:55,01:54,,,3.394214876,3.6,24.99421488,25,74.03057851,89.8,0,491,5.931,-276.4302,dark
15,C4,03:21,00:13,,,3.209638554,2.2,14.84698795,14.9,96.37349398,100,750,486,6.7424,1030.5861,light
15,C4,03:25,00:17,,,3.243373494,5.9,14.86144578,15,96.58072289,100,0,486,6.7424,-2711.7309,dark
15,C4,03:36,00:28,,,3.336144578,1.5,14.90120482,15,97.15060241,100,750,486,6.678,1874.2035,light
15,C4,03:40,00:32,,,3.369879518,5.8,14.91566265,15,97.35783133,100,0,484,6.678,-2470.2704,dark
15,C4,03:50,00:42,,,3.454216867,1.4,14.95180723,15,97.87590361,100,750,486,6.6301,2096.7575,light
15,C4,03:54,00:46,,,3.487951807,5.6,14.96626506,15,98.08313253,100,0,485,6.6301,-2151.3393,dark
15,C4,04:05,00:57,,,3.580722892,1.1,15.0060241,15,98.65301205,100,750,485,6.5682,2526.8359,light
15,C4,04:09,01:01,,,3.614457831,5.5,15.02048193,15,98.86024096,100,0,486,6.5682,-1924.5415,dark
15,C4,04:19,01:11,,,3.698795181,1,15.05662651,15,99.37831325,100,750,486,6.5185,2754.5788,light
15,C4,04:24,01:16,,,3.740963855,5.7,15.0746988,15,99.6373494,99.9,0,486,6.5185,-1999.5158,dark
15,C4,04:42,01:34,,,3.859493671,1.4,15.04050633,14.9,99.40506329,100,750,486,6.462,2510.3343,light
15,C4,04:46,01:38,,,3.862025316,5.7,15.03797468,15,99.37974684,100,0,486,6.462,-1875.9692,dark
15,C4,04:55,01:47,,,3.867721519,1.5,15.03227848,15.1,99.32278481,100,750,486,6.3915,2416.6709,light
15,C4,04:59,01:51,,,3.870253165,5.6,15.02974684,15,99.29746835,100,0,486,6.3915,-1765.5083,dark
15,C4,05:08,02:00,,,3.875949367,1.4,15.02405063,14.9,99.24050633,100,750,487,6.3264,2532.3421,light
15,C4,05:12,02:04,,,3.878481013,5.6,15.02151899,15,99.21518987,100,0,486,6.3264,-1757.1145,dark
15,C4,05:22,02:14,,,3.884810127,1.7,15.01518987,15,99.15189873,100,750,486,6.264,2229.9891,light
15,C4,05:26,02:18,,,3.887341772,5.5,15.01265823,15,99.12658228,100,0,486,6.264,-1646.0071,dark
15,C4,05:35,02:27,,,3.893037975,2,15.00696203,15,99.06962025,99.3,750,487,6.2139,1936.1638,light
15,C4,05:39,02:31,,,3.89556962,5.4,15.00443038,15,99.0443038,99.7,0,486,6.2139,-1535.5448,dark
15,C4,05:56,02:48,,,4.161139896,2.4,15.17409326,15.1,94.21243523,99.3,750,486,6.1621,1797.6842,light
15,C4,06:00,02:52,,,4.167357513,5.3,15.17823834,15.1,94.0984456,98.8,0,486,6.1621,-1156.147,dark
15,C4,06:09,03:01,,,4.18134715,4.1,15.18756477,15.2,93.84196891,96,750,486,6.0792,83.0356,light
15,C4,06:13,03:05,,,4.187564767,4.6,15.19170984,14.9,93.72797927,96.1,0,485,6.0792,-420.13,dark
10,C4,22:57,00:12,,,1.719047619,0.7,10.08095238,10,99.57619048,100,750,485,6.613,1038.4779,light
10,C4,23:03,00:18,,,1.728571429,3.9,10.07142857,9.9,99.61428571,100,0,485,6.613,-2212.8322,dark
10,C4,23:12,00:27,,,1.742857143,0,10.05714286,10.1,99.67142857,100,750,486,6.554,1779.7519,light
10,C4,23:16,00:31,,,1.749206349,3.5,10.05079365,10,99.6968254,100,0,485,6.554,-1784.1781,dark
10,C4,23:24,00:39,,,1.761904762,-0.2,10.03809524,10,99.74761905,100,750,486,6.4958,2003.4378,light
10,C4,23:29,00:44,,,1.76984127,3.4,10.03015873,10,99.77936508,100,0,486,6.4958,-1664.6693,dark
10,C4,23:37,00:52,,,1.782539683,-0.3,10.01746032,10,99.83015873,100,750,486,6.4343,2126.6281,light
10,C4,23:42,00:57,,,1.79047619,3.3,10.00952381,10,99.86190476,100,0,486,6.4343,-1541.4816,dark
10,C4,00:06,01:21,,,1.477884615,-0.5,10,10,99.74423077,100,750,485,6.3742,2015.6067,light
10,C4,00:10,01:25,,,1.481730769,2.9,10,10,99.73653846,100,0,485,6.3742,-1445.3185,dark
10,C4,00:18,01:33,,,1.489423077,-0.7,10,10,99.72115385,100,750,485,6.3277,2231.1803,light
10,C4,00:22,01:37,,,1.493269231,2.9,10,10,99.71346154,100,0,485,6.3277,-1433.5604,dark
10,C4,00:40,01:55,,,1.591269841,-0.9,10,10,99.15238095,99.1,750,485,6.2826,2538.8023,light
10,C4,00:44,01:59,,,1.594444444,2.8,10,10,99.13333333,99.1,0,485,6.2826,-1228.5574,dark
10,C4,13:12,00:16,,,2.044680851,0,9.927659574,10,98.5212766,99.2,750,486,6.2101,2088.0182,light
10,C4,13:16,00:20,,,2.04893617,2.9,9.925531915,9.9,98.50425532,99.1,0,485,6.2101,-867.3144,dark
10,C4,13:24,00:28,,,2.057446809,0.1,9.921276596,10,98.47021277,98.8,750,486,6.1875,1998.9376,light
10,C4,13:28,00:32,,,2.061702128,2.9,9.919148936,10,98.45319149,98.8,0,485,6.1875,-854.3056,dark
10,C4,13:37,00:41,,,2.071276596,0.7,9.914361702,10,98.41489362,97.8,750,486,6.1488,1400.3445,light
10,C4,13:41,00:45,,,2.075531915,2.8,9.912234043,10,98.39787234,98.1,0,486,6.1488,-739.8254,dark
10,C4,13:52,00:56,,,2.087234043,1.1,9.906382979,10,98.35106383,96.9,750,487,6.1217,1010.237,light
10,C4,13:57,01:01,,,2.092553191,2.7,9.903723404,10,98.32978723,97.6,0,486,6.1217,-620.3245,dark
5,C4,12:50,00:25,,,1.458139535,0.8,5,5,85.0503876,96.5,750,488,6.6826,675.1774,light
5,C4,12:54,00:29,,,1.46744186,3.2,5,4.9,85.29844961,95.7,0,485,6.6826,-1766.4798,dark
5,C4,13:18,00:53,,,1.523255814,0.5,5,5,86.78682171,96.2,750,487,6.6071,1047.5782,light
5,C4,13:23,00:58,,,1.534883721,3,5,5,87.09689922,96,0,485,6.6071,-1493.7775,dark
5,C4,14:23,01:58,,,1.674418605,0.2,5,5,90.81782946,96.7,750,485,6.4601,1503.2113,light
5,C4,14:27,02:02,,,1.68372093,3,5,5,91.06589147,96.5,0,486,6.4601,-1344.7475,dark
5,C4,15:02,02:37,,,1.931734317,0,4.942066421,5,95.03394834,98.1,750,486,6.3879,1973.45,light
5,C4,15:06,02:41,,,1.937638376,2.7,4.940590406,4.9,95.12398524,98.3,0,485,6.3879,-777.2217,dark
5,C4,15:34,03:09,,,1.97896679,0,4.930258303,5,95.75424354,98.4,750,486,6.3332,2021.6908,light
5,C4,15:38,03:13,,,1.984870849,2.9,4.928782288,5,95.84428044,98.3,0,485,6.3332,-932.9616,dark
5,C4,16:10,03:45,,,2.032103321,0,4.91697417,4.9,96.56457565,98.3,750,486,6.2836,2075.961,light
5,C4,16:14,03:49,,,2.03800738,2.8,4.915498155,5,96.65461255,98.3,0,485,6.2836,-776.836,dark
5,C4,16:45,04:20,,,2.083763838,0.3,4.904059041,4.9,97.35239852,97.9,750,486,6.2129,1822.2503,light
5,C4,16:49,04:24,,,2.089667897,2.6,4.902583026,5,97.44243542,97.9,0,486,6.2129,-521.3427,dark
5,C4,17:23,04:58,,,1.936263736,0.9,5.145604396,4.9,95.30769231,96.7,750,486,6.17,1058.6262,light
5,C4,17:27,05:02,,,1.934065934,2.7,5.148901099,5,95.27692308,96.7,0,485,6.17,-780.8529,dark
5,C4,17:53,05:28,,,1.91978022,1.4,5.17032967,5,95.07692308,96.2,750,486,6.1252,530.9974,light
5,C4,17:58,05:33,,,1.917032967,2.5,5.174450549,5,95.03846154,96,0,486,6.1252,-595.5478,dark
5,C4,18:18,05:53,,,1.906043956,1.8,5.190934066,4.9,94.88461538,94.2,750,486,6.0873,108.3325,light
5,C4,18:21,05:56,,,1.904395604,2.2,5.193406593,4.9,94.86153846,94.2,0,484,6.0873,-300.7411,dark
17.5,C4,15:20,00:11,,,2.150574713,2.1,17.66206897,17.6,93.17701149,99.3,750,486,6.896,51.6104,light
17.5,C4,15:25,00:16,,,2.173563218,6.3,17.64482759,17.4,93.25747126,99.6,0,485,6.639,-4202.2735,dark
17.5,C4,15:36,00:27,,,2.224137931,1.8,17.60689655,17.6,93.43448276,99.6,750,487,6.639,433.7144,light
17.5,C4,15:40,00:31,,,2.242528736,5.3,17.59310345,17.4,93.49885057,99.6,0,485,6.415,-3113.6664,dark
17.5,C4,15:50,00:41,,,2.288505747,1.7,17.55862069,17.6,93.65977011,98.8,750,486,6.415,600.5585,light
17.5,C4,15:53,00:44,,,2.302298851,4.7,17.54827586,17.4,93.70804598,98.6,0,486,6.234,-2446.8074,dark
17.5,C4,16:02,00:53,,,2.343678161,2.1,17.51724138,17.6,93.85287356,97.2,750,486,6.234,248.669,light
17.5,C4,16:05,00:56,,,2.357471264,3.6,17.50689655,17.4,93.90114943,96.9,0,486,6.118,-1267.9778,dark
17.5,C4,16:13,01:04,,,2.394252874,2.4,17.47931034,17.7,94.02988506,94.8,750,486,6.118,-5.8648,light
17.5,C4,16:15,01:06,,,2.403448276,3,17.47241379,17.4,94.06206897,94.6,0,486,6.0642,-608.7706,dark
17.5,C4,16:26,01:17,,,2.454022989,2.6,17.43448276,17.7,94.23908046,92,750,486,6.0642,-148.9671,light
17.5,C4,16:29,01:20,,,2.467816092,2.5,17.42413793,17.3,94.28735632,92.9,0,486,6.039,-32.8432,dark
17.5,C4,17:16,02:07,,,2.734210526,3.1,17.42413793,17.3,94.28735632,92.9,750,486,6.646,-373.2823,light
17.5,C4,17:20,02:11,,,2.744736842,7.1,17.42413793,17.3,94.28735632,92.9,0,486,6.646,-4444.4758,dark
17.5,C4,17:31,02:22,,,2.773684211,2.8,17.42413793,17.3,94.28735632,92.9,750,486,6.4012,-26.8548,light
17.5,C4,17:36,02:27,,,2.786842105,6.3,17.42413793,17.3,94.28735632,92.9,0,486,6.4012,-3585.121,dark
0,C4,14:55,00:14,,395.6,1.628571429,1.3,0,0,96.62857143,98.2,750,486,6.7556,335.7486,light
0,C4,15:00,00:19,,395.5591837,1.63877551,2.9,0,0,96.6744898,98.4,0,485,6.7556,-1286.122,dark
0,C4,15:08,00:27,,395.4938776,1.655102041,1.3,0,0,96.74795918,98.3,750,487,6.6912,363.6051,light
0,C4,15:13,00:32,,395.4530612,1.665306122,2.8,0,0,96.79387755,98.4,0,485,6.6912,-1157.0927,dark
0,C4,15:22,00:41,,395.3795918,1.683673469,1.1,0,0,96.87653061,98.4,750,487,6.6232,597.6493,light
0,C4,15:26,00:45,,395.3469388,1.691836735,2.8,0,0,96.91326531,98.5,0,484,6.6232,-1127.7075,dark
0,C4,15:35,00:54,,395.2734694,1.710204082,1.1,0,0,96.99591837,98.5,750,487,6.5487,624.8147,light
0,C4,15:39,00:58,,395.2408163,1.718367347,2.8,0,0,97.03265306,98.5,0,485,6.5487,-1102.9824,dark
0,C4,15:48,01:07,,395.1673469,1.736734694,1.1,0,0,97.11530612,98.5,750,484,6.4765,647.9637,light
0,C4,15:54,01:13,,395.1183673,1.748979592,2.9,0,0,97.17040816,98.4,0,485,6.4765,-1173.7387,dark
0,C4,16:03,01:22,,395.044898,1.767346939,1.2,0,0,97.25306122,98.3,750,486,6.4078,579.7375,light
0,C4,16:10,01:29,,394.9877551,1.781632653,2.8,0,0,97.31734694,98.4,0,486,6.4078,-1040.6076,dark
0,C4,16:37,01:56,,394.7673469,2.358757062,1.6,0,0,95.13728814,98,750,486,6.293,775.3383,light
0,C4,16:40,01:59,,394.7428571,2.370621469,2.9,0,0,95.08135593,98,0,485,6.293,-539.8343,dark
0,C4,16:50,02:09,,394.6612245,2.410169492,1.7,0,0,94.89491525,97.8,750,486,6.225,725.6901,light
0,C4,16:53,02:12,,394.6367347,2.422033898,2.9,0,0,94.83898305,97.6,0,485,6.225,-487.4072,dark
0,C4,17:02,02:21,,394.5632653,2.457627119,2,0,0,94.67118644,97,750,486,6.172,467.6291,light
0,C4,17:06,02:25,,394.5306122,2.473446328,2.9,0,0,94.59661017,96.8,0,486,6.172,-435.8767,dark
0,C4,17:16,02:35,,394.4489796,2.51299435,2.2,0,0,94.41016949,96.3,750,486,6.1178,319.8358,light
0,C4,17:20,02:39,,394.4163265,2.528813559,2.8,0,0,94.33559322,96.2,0,485,6.1178,-276.5439,dark
0,C4,17:28,02:47,,394.3510204,2.560451977,2.5,0,0,94.18644068,94.6,750,486,6.0857,61.7734,light
0,C4,17:31,02:50,,394.3265306,2.572316384,2.7,0,0,94.13050847,94.7,0,486,6.0857,-130.4747,dark
0,C4,17:54,03:13,,394.1387755,2.789215686,2.8,0,0,93.32696078,92.3,750,487,6.0588,-11.0428,light
0,C4,17:57,03:16,,394.1142857,2.792156863,2.9,0,-0.1,93.31960784,92.6,0,485,6.0588,-109.9744,dark
20,C4,12:04,00:16,,,2.67804878,2.8,19.9804878,20,69.89268293,82.2,750,487,6.4318,-124.7369,light
20,C4,12:07,00:19,,,2.692682927,6.5,19.97682927,20,70.39756098,83.9,0,486,6.4318,-3886.2428,dark
20,C4,12:20,00:32,,,2.756097561,2.5,19.96097561,20.1,72.58536585,90.2,750,488,6.2484,262.4688,light
20,C4,12:24,00:36,,,2.775609756,5.4,19.95609756,20,73.25853659,91.1,0,485,6.2484,-2673.1031,dark
20,C4,12:33,00:45,,,2.819512195,2,19.94512195,20,74.77317073,94.1,750,485,6.1953,834.6941,light
20,C4,12:36,00:48,,,2.834146341,5.1,19.94146341,20,75.27804878,94,0,486,6.1953,-2312.5611,dark
20,C4,12:46,00:58,,,2.882926829,1.7,19.92926829,20,76.96097561,96.7,750,486,6.1716,1207.2639,light
20,C4,12:50,01:02,,,2.902439024,4.9,19.92439024,20,77.63414634,96.6,0,486,6.1716,-2038.626,dark
20,C4,12:59,01:11,,,2.946341463,1.7,19.91341463,20,79.14878049,98,750,487,6.1534,1274.5356,light
20,C4,13:03,01:15,,,2.965853659,4.8,19.90853659,19.9,79.82195122,98.3,0,485,6.1534,-1867.9054,dark
20,C4,13:32,01:44,,,3.16684492,1.6,20.01122995,20.1,88.17433155,97.2,750,486,6.1152,1598.6308,light
20,C4,13:36,01:48,,,3.173262032,4.5,20.01550802,20,88.45026738,97.7,0,485,6.1152,-1350.8578,dark
20,C4,13:46,01:58,,,3.189304813,1.7,20.02620321,20,89.14010695,97.5,750,486,6.0968,1519.4791,light
20,C4,13:50,02:02,,,3.195721925,4.3,20.03048128,20.1,89.41604278,97.7,0,486,6.0968,-1126.6432,dark
20,C4,13:58,02:10,,,3.20855615,2.2,20.03903743,19.9,89.96791444,96.7,750,492,6.0737,1041.671,light
20,C4,14:02,02:14,,,3.214973262,3.9,20.04331551,20.2,90.24385027,96.7,0,492,6.0737,-707.5137,dark
20,C4,14:09,02:21,,,3.226203209,2.5,20.05080214,19.9,90.72673797,95.8,750,494,6.0591,753.0812,light
20,C4,14:12,02:24,,,3.231016043,3.5,20.0540107,20.2,90.93368984,95.7,0,491,6.0591,-277.244,dark
20,C4,14:20,02:32,,,3.243850267,2.6,20.06256684,19.9,91.4855615,95,750,491,6.0529,663.6122,light
20,C4,14:23,02:35,,,3.248663102,3.5,20.0657754,20.1,91.69251337,95.3,0,493,6.0529,-260.105,dark
20,C4,14:32,02:44,,,3.263101604,3,20.07540107,19.9,92.31336898,94,750,492,6.041,271.7234,light
20,C4,14:34,02:46,,,3.26631016,3.5,20.07754011,20.1,92.4513369,94.4,0,493,6.041,-241.8375,dark
20,C4,14:44,02:56,,,3.282352941,3.4,20.08823529,19.9,93.14117647,92.5,750,492,6.0314,-121.4997,light
20,C4,14:45,02:57,,,3.283957219,3.4,20.08930481,20,93.21016043,92,0,492,6.0314,-119.8426,dark
25,C4,19:17,00:12,,,3.4,4.3,25,25,72.73043478,99.6,750,492,6.666,-929.3621,light
25,C4,19:22,00:17,,,3.4,8.5,25,25,72.70144928,100,0,492,6.666,-5266.3901,dark
25,C4,19:33,00:28,,,3.4,3.5,25,25,72.63768116,100,750,492,6.5331,-103.2628,light
25,C4,19:37,00:32,,,3.4,7.7,25,25,72.61449275,100,0,492,6.5331,-4440.3024,dark
25,C4,19:48,00:43,,,3.4,3.1,25,25,72.55072464,100,750,492,6.4146,309.7892,light
25,C4,19:51,00:46,,,3.4,7.2,25,25.1,72.53333333,100,0,492,6.4146,-3923.9986,dark
25,C4,20:04,00:59,,,3.4,2.8,25,25,72.45797101,99.9,750,493,6.2805,620.8396,light
25,C4,20:07,01:02,,,3.4,6.5,25,24.9,72.44057971,99.9,0,492,6.2805,-3201.1665,dark
25,C4,20:19,01:14,,,3.4,2.4,25,25,72.37101449,99.2,750,492,6.2038,1032.6367,light
25,C4,20:23,01:18,,,3.4,6,25,25.2,72.34782609,99,0,491,6.2038,-2679.4005,dark
25,C4,20:38,01:33,,,3.4,3.2,25,25,72.26086957,89.5,750,492,6.1045,206.5281,light
25,C4,20:41,01:36,,,3.4,4.6,25,25,72.24347826,90.3,0,492,6.1045,-1239.1693,dark
25,C4,20:50,01:45,,,3.4,3.1,25,25,72.19130435,91.8,750,491,6.0725,309.1632,light
25,C4,20:53,01:48,,,3.4,4.1,25,25,72.17391304,91.4,0,491,6.0725,-721.3812,dark
25,C4,21:03,01:58,,,3.4,3.2,25,24.9,72.11594203,91.3,750,492,6.0514,206.5291,light
25,C4,21:05,02:00,,,3.4,3.6,25,25,72.10434783,90.4,0,492,6.0514,-206.5292,dark
0,T3,11:56,00:08,,388.7984496,2.134285714,2.5,0,0.1,91.42,95.4,750,485,6.027,-861.772,light
0,T3,11:59:00,00:11:00,,388.7170543,2.147142857,2.7,0,0,91.39,95.3,0,485,6.027,-1302.7571,dark
0,T3,12:23:00,00:35:00,,388.0658915,2.25,2.4,0,0,91.15,94.8,750,485,5.9328,-353.4618,light
0,T3,12:26:00,00:38:00,,387.9844961,2.262857143,2.6,0,-0.1,91.12,94.6,0,485,5.9328,-794.4475,dark
0,T3,12:46:00,00:58:00,,387.4418605,2.348571429,2.5,0,0.1,90.92,93.5,750,485,5.873,-356.8286,light
0,T3,12:49:00,01:01:00,,387.3604651,2.361428571,2.6,0,-0.1,90.89,93.3,0,484,5.873,-561.0143,dark
0,T3,13:18,01:30,,386.5736434,2.4,2.6,0,0.1,89.4056338,92.2,750,485,5.814,-471.2875,light
0,T3,13:20,01:32,,386.5193798,2.4,2.6,0,-0.1,90.27804007,91.8,0,485,5.814,-471.2849,dark
0,T3,13:48,02:00,,385.7596899,2.4,2.5,0,0,89.38193797,89.9,750,485,5.771,-235.6438,light
0,T3,13:50,02:02,,385.7054264,2.4,2.6,0,-0.2,90.12819414,90.2,0,485,5.771,-471.2854,dark
17.5,T3,10:31,00:14:00,,,1.614285714,1.3,17.48571429,17.3,79.35714286,97.1,750,485,6.01,739.7984,light
17.5,T3,10:35,00:18:00,,,1.618367347,3.4,17.48163265,17.5,80.23061224,96.6,0,485,6.01,-4193.7184,dark
17.5,T3,11:01,00:44:00,,,1.644897959,1.5,17.45510204,17.7,85.90816327,84.1,750,485,5.886,341.0308,light
17.5,T3,11:04,00:47:00,,,1.647959184,3.1,17.45204082,17.6,86.56326531,85.8,0,484,5.886,-3410.4219,dark
17.5,T3,11:30,01:13:00,,,1.674489796,0.9,17.4255102,17.5,92.24081633,96.8,750,485,5.858,1822.6019,light
17.5,T3,11:34,01:17:00,,,1.678571429,2.7,17.42142857,17.5,93.11428571,97.2,0,484,5.858,-2398.7232,dark
17.5,T3,12:03,01:46:00,,,1.899061033,1.1,17.49953052,17.5,95.36103286,96.6,750,485,5.834,1880.2869,light
17.5,T3,12:08,01:51:00,,,1.908450704,2.7,17.50422535,17.4,95.25070423,96.2,0,485,5.834,-1862.6141,dark
17.5,T3,12:36,02:19:00,,,1.961032864,1.3,17.53051643,17.6,94.63286385,91.9,750,485,5.798,1555.5075,light
17.5,T3,12:40,02:23:00,,,1.968544601,2.6,17.5342723,17.6,94.54460094,92.5,0,484,5.798,-1482.8457,dark
17.5,T3,13:01,02:44:00,,,2.007981221,1.7,17.55399061,17.6,94.08122066,89.2,750,485,5.782,724.7313,light
17.5,T3,13:04,02:47:00,,,2.013615023,2.4,17.55680751,17.5,94.01502347,90.4,0,485,5.782,-909.2294,dark
17.5,T3,13:24,03:07:00,,,2.051173709,2,17.57558685,17.4,93.57370892,87.7,750,485,5.7736,120.4212,light
17.5,T3,13:27,03:10:00,,,2.056807512,2.2,17.57840376,17.5,93.50751174,88.7,0,484,5.7736,-336.2641,dark
10,T3,10:15,00:10,,,1.748,1.8,9.616,9.9,89.316,97,750,483,6.0407,-121.9635,light
10,T3,10:19,00:14,,,1.7672,2.9,9.6224,10,89.5624,97.4,0,485,6.0407,-2667.9206,dark
10,T3,10:42,00:37,,,1.8776,1.5,9.6592,10,90.9792,96.7,750,485,5.994,889.2888,light
10,T3,10:47,00:42,,,1.9016,2.8,9.6672,10,91.2872,96.1,0,483,5.994,-2107.0946,dark
10,T3,11:11,01:06,,,2.0168,1.8,9.7056,10.1,92.7656,97.5,750,484,5.947,509.5215,light
10,T3,11:15,01:10,,,2.036,3.2,9.712,10,93.012,97.9,0,485,5.947,-2741.2653,dark
10,T3,11:43,01:38,,,2.1704,2,9.7568,10,94.7368,97.6,750,485,5.887,401.2886,light
10,T3,11:46,01:41,,,2.1848,3.1,9.7616,9.7,94.9216,97.7,0,484,5.887,-2150.8279,dark
10,T3,12:19,02:14,,,2.363507109,2,9.927014218,10.2,96.78104265,96.7,750,485,5.8393,856.0181,light
10,T3,12:23,02:18,,,2.365402844,2.9,9.930805687,9.8,96.79241706,96.6,0,484,5.8393,-1256.3196,dark
10,T3,12:44,02:39,,,2.37535545,2.1,9.9507109,10.2,96.8521327,96.8,750,485,5.809,648.4291,light
10,T3,12:47,02:42,,,2.376777251,2.7,9.953554502,9.9,96.86066351,96.5,0,484,5.809,-759.5812,dark
10,T3,13:10,03:05,,,2.387677725,2,9.97535545,10,96.92606635,96.9,750,485,5.805,912.9319,light
10,T3,13:13,03:08,,,2.389099526,2.7,9.978199052,10,96.93459716,97.2,0,484,5.805,-730.6214,dark
10,T3,13:46,03:41,,,2.756451613,1.8,10.07129032,10,91.86709677,96.3,750,485,5.804,2252.45,light
10,T3,13:50,03:45,,,2.762903226,2.8,10.07258065,10,91.77419355,96.5,0,485,5.804,-87.3632,dark
10,T3,14:41,04:36,,,2.84516129,2.1,10.08903226,10.2,90.58967742,96.9,750,485,5.788,1754.8861,light
10,T3,14:45,04:40,,,2.851612903,3,10.09032258,9.9,90.49677419,96.8,0,484,5.788,-348.7377,dark
10,T3,15:04,04:59,,,2.882258065,2.9,10.09645161,10.2,90.05548387,90.4,750,485,5.7606,-41.7833,light
10,T3,15:07,05:02,,,2.887096774,2.9,10.09741935,9.8,89.98580645,90.7,0,485,5.7606,-30.3879,dark
5,T3,11:18,00:11,,,1.8,1.8,4.989622642,5,97.41320755,97.7,750,485,6.063,0,light
5,T3,11:21,00:14,,,1.8,2.5,4.986792453,4.8,97.36226415,97.7,0,485,6.063,-1648.9907,dark
5,T3,11:42,00:35,,,1.8,1.6,4.966981132,5.1,97.00566038,98,750,484,6.0905,470.1709,light
5,T3,11:45,00:38,,,1.8,2.4,4.964150943,4.9,96.95471698,98,0,484,6.0905,-1410.5135,dark
5,T3,12:07,01:00,,,1.8,1.7,4.943396226,4.9,96.58113208,97.8,750,485,6.026,235.5724,light
5,T3,12:10,01:03,,,1.8,2.5,4.940566038,4.8,96.53018868,97.7,0,484,6.026,-1645.6077,dark
5,T3,12:31,01:24,,,1.8,1.7,4.920754717,5,96.17358491,97.6,750,485,5.978,235.5736,light
5,T3,12:34,01:27,,,1.8,2.4,4.917924528,5,96.12264151,97.4,0,485,5.978,-1413.4423,dark
5,T3,13:01,01:54,,,1.984864865,1.9,4.961621622,4.9,95.55351351,96.1,750,486,5.9249,200.332,light
5,T3,13:05,01:58,,,1.991351351,2.3,4.963783784,4.9,95.54486486,96.3,0,484,5.9249,-725.5977,dark
5,T3,13:24,02:17,,,2.022162162,2,4.974054054,5,95.50378378,95.7,750,486,5.881,52.316,light
5,T3,13:27,02:20,,,2.027027027,2.3,4.975675676,4.8,95.4972973,95.9,0,485,5.881,-643.054,dark
5,T3,13:50,02:43,,,2.064324324,2.1,4.988108108,5,95.44756757,95.8,750,485,5.8477,-84.0427,light
5,T3,13:52,02:45,,,2.067567568,2.3,4.989189189,4.8,95.44324324,95.9,0,485,5.8477,-547.5507,dark
5,T3,14:21,03:14,,,2.344537815,2.2,4.918487395,5,94.74789916,95.3,750,485,5.818,340.4973,light
5,T3,14:23,03:16,,,2.347058824,2.3,4.917647059,4.8,94.74117647,95.3,0,483,5.818,110.4024,dark
5,T3,14:43,03:36,,,2.372268908,2.2,4.909243697,5,94.67394958,94.6,750,485,5.7935,405.8258,light
5,T3,14:45,03:38,,,2.374789916,2.4,4.908403361,4.8,94.66722689,94.6,0,485,5.7935,-59.3891,dark
25,T3,12:20,00:12,,,2.36185567,3.2,25.01237113,25,98.63195876,99.3,750,485,6.0309,-1969.761,light
25,T3,12:23,00:15,,,2.377319588,5.1,25.01546392,25,98.46494845,99.4,0,485,6.0309,-6398.7261,dark
25,T3,12:31,00:23,,,2.418556701,2.8,25.02371134,25.1,98.01958763,98.9,750,485,5.968,-896.4633,light
25,T3,12:34,00:26,,,2.434020619,4.9,25.02680412,25,97.85257732,98.9,0,485,5.968,-5795.5425,dark
25,T3,12:43,00:35,,,2.480412371,2.6,25.03608247,25.1,97.35154639,98.4,750,484,5.9046,-280.4794,light
25,T3,12:46,00:38,,,2.495876289,4.6,25.03917526,25,97.18453608,98.5,0,484,5.9046,-4935.0104,dark
25,T3,12:54,00:46,,,2.537113402,2.5,25.04742268,25.1,96.73917526,97.7,750,486,5.858,87.4066,light
25,T3,12:57,00:49,,,2.55257732,4.4,25.05051546,24.9,96.57216495,97.8,0,484,5.858,-4333.0221,dark
25,T3,13:05,00:57,,,2.593814433,2.4,25.05876289,25.1,96.12680412,97.1,750,485,5.815,455.5256,light
25,T3,13:08,01:00,,,2.609278351,4.1,25.06185567,25,95.95979381,97.3,0,485,5.815,-3503.6878,dark
25,T3,13:15,01:07,,,2.645360825,2.5,25.06907216,25.1,95.57010309,96.3,750,485,5.783,341.6498,light
25,T3,13:18,01:10,,,2.660824742,3.8,25.07216495,24.9,95.40309278,96.5,0,485,5.783,-2677.4818,dark
25,T3,13:26,01:18,,,2.702061856,2.6,25.08041237,25.1,94.95773196,95,750,485,5.757,239.8861,light
25,T3,13:28,01:20,,,2.712371134,3.5,25.08247423,9,94.84639175,95.2,0,484,5.757,-1847.4316,dark
25,T3,13:36,01:28,,,2.753608247,2.7,25.09072165,25.1,94.40103093,93.2,750,485,5.744,126.0029,light
25,T3,13:38,01:30,,,2.763917526,3.1,25.09278351,24.9,94.28969072,93.3,0,485,5.744,-789.9437,dark
15,T3,10:21,00:10,,,1.424691358,1.6,15.01234568,14.7,89.52839506,97.9,750,485,6.046,-412.6844,light
15,T3,10:25,00:14,,,1.434567901,2.8,15.01728395,14.9,89.41975309,98.4,0,484,6.046,-3207.6658,dark
15,T3,10:32,00:21,,,1.451851852,1.2,15.02592593,15.1,89.22962963,98.1,750,485,6.007,592.8729,light
15,T3,10:36,00:25,,,1.461728395,2.8,15.0308642,15,89.12098765,98.3,0,484,6.007,-3143.8728,dark
15,T3,10:44,00:33,,,1.481481481,1.1,15.04074074,15,88.9037037,95.5,750,484,5.945,896.1803,light
15,T3,10:47,00:36,,,1.488888889,2.7,15.04444444,15.1,88.82222222,95.6,0,485,5.945,-2851.0364,dark
15,T3,10:57,00:46,,,1.513580247,1,15.05679012,15,88.55061728,92.2,750,483,5.89,1204.0209,light
15,T3,11:00,00:49,,,1.520987654,2.6,15.06049383,15.1,88.4691358,93.1,0,484,5.89,-2534.8416,dark
15,T3,11:09,00:58,,,1.543209877,1,15.07160494,14.8,88.22469136,93.5,750,485,5.848,1278.7624,light
15,T3,11:12,01:01,,,1.550617284,2.5,15.07530864,15,88.14320988,92.9,0,485,5.848,-2234.9303,dark
15,T3,11:21,01:10,,,1.572839506,1,15.08641975,14.9,87.89876543,94.7,750,485,5.812,1348.5188,light
15,T3,11:24,01:13,,,1.580246914,2.3,15.09012346,14.8,87.81728395,93.2,0,483,5.812,-1687.3821,dark
15,T3,11:40,01:29,,,1.7424,1.3,15.1,14.8,80.48,87.4,750,485,5.7706,1041.5877,light
15,T3,11:43,01:32,,,1.7472,2.2,15.1,14.9,80.24,88.3,0,483,5.7706,-1061.6818,dark
15,T3,11:52,01:41,,,1.7616,1.4,15.1,14.9,79.52,89,750,485,5.751,851.3665,light
15,T3,11:55,01:44,,,1.7664,1.9,15.1,14.8,79.28,86.8,0,484,5.751,-313.9063,dark
15,T3,12:03,01:52,,,1.7792,1.8,15.1,15.1,78.64,87,750,485,5.7435,-48.9732,light
15,T3,12:05,01:54,,,1.7824,1.8,15.1,14.9,78.48,87.3,0,483,5.7435,-41.2681,dark
20,T3,16:19,00:11,,,3.070967742,3.2,20.1,19.8,95.49569892,98,750,485,6.041,-303.5216,light
20,T3,16:22,00:14,,,3.090322581,5,20.1,20,95.57634409,98.5,0,483,6.041,-4473.586,dark
20,T3,16:30,00:22,,,3.141935484,3,20.1,20.1,95.79139785,98.7,750,485,6.0027,333.8713,light
20,T3,16:34,00:26,,,3.167741935,4.9,20.1,20,95.89892473,98.9,0,485,6.0027,-4074.7368,dark
20,T3,16:42,00:34,,,3.219354839,3,20.1,20.1,96.11397849,98.7,750,486,5.957,517.0427,light
20,T3,16:45,00:37,,,3.238709677,4.7,20.1,20,96.19462366,98.6,0,485,5.957,-3437.323,dark
20,T3,16:56,00:48,,,3.309677419,2.8,20.1,20.1,96.49032258,98.1,750,485,5.8795,1198.8811,light
20,T3,17:00,00:52,,,3.335483871,4.7,20.1,20,96.59784946,98.2,0,485,5.8795,-3209.6542,dark
20,T3,17:08,01:00,,,3.387096774,3,20.1,20.1,96.81290323,97.5,750,485,5.8265,910.5354,light
20,T3,17:11,01:03,,,3.406451613,4.3,20.1,19.9,96.89354839,97.4,0,484,5.8265,-2097.4815,dark
20,T3,17:19,01:11,,,3.458064516,2.7,20.1,19.8,97.10860215,97.6,750,485,5.806,1783.119,light
20,T3,17:23,01:15,,,3.483870968,4.2,20.1,19.9,97.21612903,98,0,484,5.806,-1681.0008,dark
20,T3,17:30,01:22,,,3.529032258,2.6,20.1,20.1,97.40430108,97.3,750,485,5.802,2185.2535,light
20,T3,17:34,01:26,,,3.55483871,4.3,20.1,20.1,97.51182796,97.3,0,485,5.802,-1752.7508,dark
20,T3,17:50,01:42,,,3.6,2.7,20.1,20.1,97.01492537,97.5,750,485,5.7897,2116.9844,light
20,T3,17:53,01:45,,,3.6,4.2,20.1,20,96.99477612,97.9,0,485,5.7897,-1411.3236,dark
20,T3,18:01,01:53,,,3.6,2.7,20.1,20.1,96.94104478,97.9,750,485,5.78,2116.9882,light
20,T3,18:04,01:56,,,3.6,4,20.1,20,96.92089552,97.9,0,486,5.78,-942.8241,dark
20,T3,18:12,02:04,,,3.6,2.9,20.1,20.1,96.86716418,97.3,750,485,5.77,1646.5494,light
20,T3,18:14,02:06,,,3.6,3.9,20.1,20,96.85373134,97.3,0,485,5.77,-705.6642,dark
0,T4,12:10,00:22,,388.4186047,2.194285714,2.5,0,0.1,91.28,96.6,750,485,6.416,-391.7941,light
0,T4,12:14,00:26,,388.3100775,2.211428571,3.1,0,-0.1,91.32171429,96.6,0,485,6.416,-1138.7658,dark
0,T4,12:36,00:48,,387.7131783,2.305714286,2.6,0,0,91.14225306,95.6,750,485,6.3116,-377.148,light
0,T4,12:39,00:51,,387.6317829,2.318571429,3.1,0,-0.1,91.2506442,95.5,0,485,6.3116,-1001.4553,dark
0,T4,13:07,01:19,,386.872093,2.4,2.8,0,0,91.18943662,94.8,750,485,6.172,-512.6281,light
0,T4,13:11,01:23,,386.7635659,2.4,3.1,0,-0.1,90.98152648,94.5,0,485,6.172,-897.1004,dark
0,T4,13:29,01:41,,386.2751938,2.4,2.8,0,0,91.16877342,93.1,750,486,6.084,-513.6852,light
0,T4,13:32,01:44,,386.1937984,2.4,2.9,0,-0.2,91.04258848,93,0,485,6.084,-640.7858,dark
0,T4,13:58,02:10,,385.4883721,2.4,2.8,0,-0.1,91.21875702,90.8,750,485,6.027,-512.628,light
0,T4,14:00,02:12,,385.4341085,2.4,2.7,0,0.1,91.06143713,90.8,0,485,6.027,-384.4714,dark
17.5,T4,10:48,00:31:00,,,1.631632653,2.4,17.46836735,,83.06938776,87.9,750,485,6.409,-983.5954,light
17.5,T4,10:52,00:35:00,,,1.635714286,4.7,17.46428571,,83.94285714,87,0,485,6.409,-3922.5565,dark
17.5,T4,11:16,00:59:00,,,1.660204082,1.8,17.43979592,,89.18367347,95.9,750,485,6.298,-178.9323,light
17.5,T4,11:20,01:03:00,,,1.664285714,4.2,17.43571429,,90.05714286,95.9,0,485,6.298,-3245.5391,dark
17.5,T4,11:43,01:26:00,,,1.687755102,1.5,17.4122449,,95.07959184,97.8,750,485,6.235,240.2894,light
17.5,T4,11:47,01:30:00,,,1.691836735,4,17.40816327,,95.95306122,98.2,0,484,6.235,-2947.8497,dark
17.5,T4,12:20,02:03:00,,,1.930985915,1.1,17.51549296,,94.98591549,96.5,750,485,6.1497,1063.4859,light
17.5,T4,12:24,02:07:00,,,1.938497653,3.7,17.51924883,,94.89765258,94.4,0,485,6.1497,-2254.3528,dark
17.5,T4,12:49,02:32:00,,,1.985446009,1.7,17.542723,,94.34600939,93.5,750,485,6.086,365.314,light
17.5,T4,12:52,02:35:00,,,1.991079812,3.3,17.54553991,,94.27981221,93.5,0,484,6.086,-1671.7048,dark
17.5,T4,13:12,02:55:00,,,2.028638498,1.8,17.56431925,,93.83849765,91.7,750,485,6.035,292.614,light
17.5,T4,13:16,02:59:00,,,2.036150235,3.1,17.56807512,,93.75023474,91.5,0,485,6.035,-1361.5283,dark
17.5,T4,13:37,03:20:00,,,2.075586854,1.9,17.58779343,,93.28685446,90.5,750,485,5.999,224.7199,light
17.5,T4,13:42,03:25:00,,,2.084976526,2.8,17.59248826,,93.17652582,90.7,0,485,5.999,-915.1042,dark
10,T4,10:30,00:25,,,1.82,2.2,9.64,10,90.24,97.6,750,486,6.4805,-487.7362,light
10,T4,10:33,00:28,,,1.8344,3.6,9.6448,10,90.4248,97.6,0,485,6.4805,-2261.5073,dark
10,T4,10:56,00:51,,,1.9448,2.1,9.6816,10,91.8416,95.2,750,486,6.401,-199.1971,light
10,T4,11:02,00:57,,,1.9736,3.7,9.6912,10.2,92.2112,95.3,0,485,6.401,-2211.2402,dark
10,T4,11:26,01:21,,,2.0888,2.3,9.7296,10.2,93.6896,98.3,750,486,6.281,-271.0651,light
10,T4,11:34,01:29,,,2.1272,4.1,9.7424,9.8,94.1824,98.2,0,484,6.281,-2521.5568,dark
10,T4,11:57,01:52,,,2.2376,2.1,9.7792,9.9,95.5992,97.6,750,485,6.1884,176.2347,light
10,T4,12:01,01:56,,,2.2568,3.7,9.7856,9.9,95.8456,97.8,0,485,6.1884,-1848.409,dark
10,T4,12:32,02:27,,,2.369668246,2.2,9.939336493,9.9,96.81800948,97.1,750,485,6.113,217.3008,light
10,T4,12:36,02:31,,,2.371563981,3.4,9.943127962,9.9,96.82938389,97.1,0,485,6.113,-1317.158,dark
10,T4,12:56,02:51,,,2.381042654,2.2,9.962085308,9.9,96.88625592,96.9,750,485,6.078,231.8678,light
10,T4,13:00,02:55,,,2.382938389,3.2,9.965876777,10,96.89763033,97.5,0,484,6.078,-1044.2821,dark
10,T4,13:25,03:20,,,2.39478673,1.8,9.98957346,10,96.96872038,96.8,750,485,6.059,761.7622,light
10,T4,13:28,03:23,,,2.396208531,3.1,9.992417062,10,96.97725118,97,0,484,6.059,-899.5093,dark
10,T4,14:00,03:55,,,2.779032258,1.8,10.07580645,10,91.54193548,96.3,750,485,6.0463,1253.9556,light
10,T4,14:05,04:00,,,2.787096774,3.2,10.07741935,10.1,91.42580645,96.6,0,485,6.0463,-528.8519,dark
10,T4,14:28,04:23,,,2.824193548,1.8,10.08483871,10.1,90.8916129,96.8,750,485,6.032,1311.8087,light
10,T4,14:32,04:27,,,2.830645161,3.1,10.08612903,10,90.79870968,97.2,0,484,6.032,-344.2844,dark
10,T4,14:53,04:48,,,2.864516129,2.6,10.09290323,10.2,90.31096774,95.9,750,486,5.9835,339.4987,light
10,T4,14:56,04:51,,,2.869354839,3.1,10.09387097,9.9,90.24129032,95.1,0,484,5.9835,-294.8083,dark
5,T4,11:29,00:22,,,1.8,1.9,4.979245283,5,97.22641509,98,750,485,6.458,-128.1186,light
5,T4,11:32,00:25,,,1.8,2.9,4.976415094,4.9,97.1754717,98.1,0,484,6.458,-1406.4,dark
5,T4,11:55,00:48,,,1.8,1.8,4.954716981,5,96.78490566,98.1,750,485,6.364,0,light
5,T4,11:58,00:51,,,1.8,2.9,4.951886792,4.9,96.73396226,98.2,0,485,6.364,-1409.3135,dark
5,T4,12:19,01:12,,,1.8,1.8,4.932075472,5,96.37735849,97.9,750,485,6.2836,0,light
5,T4,12:22,01:15,,,1.8,2.9,4.929245283,4.9,96.32641509,97.9,0,485,6.2836,-1409.3206,dark
5,T4,12:42,01:35,,,1.8,1.9,4.910377358,4.9,95.98679245,97.6,750,485,6.1875,-128.1206,light
5,T4,12:45,01:38,,,1.8,2.9,4.90754717,4.8,95.93584906,97.6,0,485,6.1875,-1409.3274,dark
5,T4,13:12,02:05,,,2.002702703,1.9,4.967567568,5,95.52972973,97.1,750,485,6.124,131.5834,light
5,T4,13:15,02:08,,,2.007567568,2.6,4.969189189,4.8,95.52324324,97.1,0,485,6.124,-759.0284,dark
5,T4,13:37,02:30,,,2.043243243,2.1,4.981081081,5,95.47567568,96.3,750,485,6.064,-72.7171,light
5,T4,13:41,02:34,,,2.04972973,2.4,4.983243243,4.9,95.46702703,96.4,0,485,6.064,-448.7685,dark
5,T4,14:01,02:54,,,2.082162162,2.2,4.994054054,5,95.42378378,95.4,750,485,6.0192,-150.9745,light
5,T4,14:04,02:57,,,2.087027027,2.3,4.995675676,4.8,95.4172973,95.5,0,484,6.0192,-272.2996,dark
5,T4,14:32,03:25,,,2.358403361,2.4,4.913865546,5.1,94.71092437,94.4,750,485,5.9918,-53.2945,light
5,T4,14:34,03:27,,,2.36092437,2.4,4.91302521,4.8,94.70420168,94.2,0,485,5.9918,-50.0645,dark
5,T4,14:54,03:47,,,2.386134454,2.5,4.904621849,5,94.63697479,93.4,750,485,5.965,-145.887,light
5,T4,14:57,03:50,,,2.389915966,2.4,4.903361345,4.7,94.62689076,93.8,0,484,5.965,-12.8932,dark
25,T4,16:27,00:10,,,3.476923077,5.8,25.01282051,25.2,77.60512821,98.5,750,486,6.376,-2977.4498,light
25,T4,16:31,00:14,,,3.507692308,8.3,25.01794872,25,78.48717949,98.5,0,485,6.376,-6129.4017,dark
25,T4,16:40,00:23,,,3.576923077,5.3,25.02948718,25.2,80.47179487,98.4,750,485,6.214,-2203.682,light
25,T4,16:43,00:26,,,3.6,7.5,25.03333333,25,81.13333333,98.3,0,485,6.214,-4987.6865,dark
25,T4,16:51,00:34,,,3.661538462,5,25.04358974,25.2,82.8974359,97.4,750,485,6.099,-1711.6481,light
25,T4,16:54,00:37,,,3.684615385,6.2,25.0474359,25,83.55897436,97.1,0,484,6.099,-3210.0137,dark
25,T4,17:02,00:45,,,3.746153846,4.8,25.05769231,25.2,85.32307692,95.9,750,485,6.025,-1347.5661,light
25,T4,17:04,00:47,,,3.761538462,5.4,25.06025641,25,85.76410256,95.8,0,484,6.025,-2090.7699,dark
25,T4,17:14,00:57,,,3.838461538,4.5,25.07307692,25.2,87.96923077,94.6,750,485,5.982,-845.8414,light
25,T4,17:15,00:58,,,3.846153846,4.7,25.07435897,25.1,88.18974359,94.3,0,484,5.982,-1089.4664,dark
25,T4,17:23,01:06,,,3.907692308,4.4,25.08461538,25.2,89.95384615,92.2,750,485,5.959,-629.4208,light
25,T4,17:26,01:09,,,3.930769231,4.4,25.08846154,24.9,90.61538462,92.5,0,485,5.959,-599.9032,dark
15,T4,13:11,00:13,,,1.860465116,2.5,15.01511628,15.1,74.46627907,93.8,750,485,6.3928,-819.0037,light
15,T4,13:15,00:17,,,1.879069767,4.2,15.01976744,15.1,75.71744186,94.4,0,484,6.3928,-2966.0438,dark
15,T4,13:23,00:25,,,1.91627907,2.1,15.02906977,14.9,78.21976744,92.7,750,484,6.3208,-234.7765,light
15,T4,13:26,00:28,,,1.930232558,4,15.03255814,15,79.15813953,93.1,0,485,6.3208,-2650.3699,dark
15,T4,13:34,00:36,,,1.96744186,2,15.04186047,15.1,81.66046512,96.4,750,484,6.2683,-41.6034,light
15,T4,13:39,00:41,,,1.990697674,3.9,15.04767442,15,83.2244186,96.9,0,483,6.2683,-2434.6311,dark
15,T4,13:50,00:52,,,2.041860465,1.5,15.06046512,15,86.66511628,98.1,750,486,6.226,695.1973,light
15,T4,13:53,00:55,,,2.055813953,3.7,15.06395349,15,87.60348837,98.4,0,484,6.226,-2100.7446,dark
15,T4,14:02,01:04,,,2.097674419,1.6,15.0744186,15,90.41860465,98.7,750,485,6.1829,637.1502,light
15,T4,14:05,01:07,,,2.111627907,3.7,15.07790698,14.9,91.35697674,98.8,0,485,6.1829,-2033.487,dark
15,T4,14:13,01:15,,,2.148837209,1.7,15.0872093,15.1,93.85930233,98.7,750,485,6.1329,574.5903,light
15,T4,14:17,01:19,,,2.16744186,3.5,15.09186047,14.9,95.11046512,98.7,0,484,6.1329,-1702.3519,dark
15,T4,14:31,01:33,,,2.475555556,2.2,15.03111111,15,95.23333333,97.7,750,484,6.069,352.0256,light
15,T4,14:34,01:36,,,2.484444444,3.3,15.02888889,15,95.16666667,97.6,0,485,6.069,-1044.0364,dark
15,T4,14:42,01:44,,,2.508148148,2.4,15.02296296,15.1,94.98888889,96.6,750,485,6.027,138.4468,light
15,T4,14:44,01:46,,,2.514074074,3,15.02148148,14.9,94.94444444,96.8,0,485,6.027,-622.0628,dark
15,T4,14:53,01:55,,,2.540740741,2.6,15.01481481,15.1,94.74444444,95.2,750,486,5.995,-76.0181,light
15,T4,14:55,01:57,,,2.546666667,2.8,15.01333333,14.9,94.7,95.3,0,485,5.995,-324.3088,dark
15,T4,15:03,02:05,,,2.57037037,2.7,15.00740741,15.2,94.52222222,94.4,750,485,5.9719,-165.9481,light
15,T4,15:05,02:07,,,2.576296296,2.8,15.00592593,14.9,94.47777778,94.5,0,485,5.9719,-286.3793,dark
20,T4,18:34,00:11,,,3.542857143,4.1,20.1,20.1,96.52857143,99,750,485,6.3068,-712.7517,light
20,T4,18:39,00:16,,,3.562337662,6.6,20.1,20,96.45064935,99.2,0,484,6.3068,-3878.0698,dark
20,T4,18:46,00:23,,,3.58961039,3.8,20.1,20.1,96.34155844,99.1,750,485,6.215,-269.1522,light
20,T4,18:50,00:27,,,3.605194805,6,20.1,20,96.27922078,99.1,0,485,6.215,-3063.6878,dark
20,T4,18:57,00:34,,,3.632467532,3.8,20.1,20.1,96.17012987,98.6,750,486,6.137,-214.7677,light
20,T4,19:00,00:37,,,3.644155844,5.5,20.1,20,96.12337662,98.5,0,486,6.137,-2379.0962,dark
20,T4,19:08,00:45,,,3.675324675,3.9,20.1,20.1,95.9987013,98,750,485,6.0778,-287.4304,light
20,T4,19:10,00:47,,,3.683116883,4.9,20.1,20,95.96753247,97.8,0,484,6.0778,-1553.5674,dark
20,T4,19:18,00:55,,,3.714285714,3.9,20.1,20.1,95.84285714,97.1,750,485,6.0268,-237.5879,light
20,T4,19:21,00:58,,,3.725974026,4.5,20.1,20.1,95.7961039,97.1,0,484,6.0268,-988.1858,dark
20,T4,19:29,01:06,,,3.757142857,3.9,20.1,19.9,95.67142857,96.2,750,485,5.992,-182.7607,light
20,T4,19:32,01:09,,,3.768831169,4.2,20.1,20,95.62467532,96.2,0,485,5.992,-551.6055,dark
20,T4,19:48,01:25,,,3.8,4,20.1,20.1,95.6,94.8,750,485,5.965,-255.8654,light
20,T4,19:50,01:27,,,3.8,4.1,20.1,20,95.6,94.9,0,485,5.965,-383.7981,dark
5,T5,23:36,00:11,,417.2728972,2.4275,2.6,4.91375,4.9,97.4825,98.2,750,485,6.5268,-230.5588,light
5,T5,23:40,00:15,,417.1682243,2.4375,3.7,4.91875,4.9,97.5125,98.2,0,485,6.5268,-1687.4218,dark
5,T5,23:48,00:23,,416.9588785,2.4575,2.3,4.92875,4.9,97.5725,98.3,750,486,6.475,210.9438,light
5,T5,23:52,00:27,,416.8542056,2.4675,3.6,4.93375,5,97.6025,98.4,0,484,6.475,-1510.5439,dark
5,T5,00:01,00:36,,416.6186916,2.49,2.1,4.945,5,97.67,98.4,750,485,6.419,521.2614,light
5,T5,00:04,00:39,,416.5401869,2.4975,3.4,4.94875,5,97.6925,98.5,0,485,6.419,-1206.2518,dark
5,T5,00:12,00:47,,416.3308411,2.5175,2.1,4.95875,4.9,97.7525,98.4,750,485,6.366,558.0161,light
5,T5,00:16,00:51,,416.2261682,2.5275,3.4,4.96375,5,97.7825,98.5,0,485,6.366,-1166.1528,dark
5,T5,00:23,00:58,,416.0429907,2.545,2,4.9725,4.9,97.835,98.3,750,485,6.3229,728.4271,light
5,T5,00:27,01:02,,415.9383178,2.555,3.3,4.9775,5,97.865,98.4,0,483,6.3229,-991.633,dark
5,T5,00:35,01:10,,415.728972,2.575,1.8,4.9875,4.9,97.925,98.3,750,485,6.2797,1035.8349,light
5,T5,00:38,01:13,,415.6504673,2.5825,3.3,4.99125,5,97.9475,98.3,0,484,6.2797,-957.0049,dark
5,T5,00:54,01:29,,415.2317757,2.6,2,5,5,97.00558659,98.1,750,485,6.2248,801.9427,light
5,T5,00:57,01:32,,415.153271,2.6,3.2,5,4.9,96.97206704,98.1,0,483,6.2248,-798.636,dark
5,T5,01:05,01:40,,414.9439252,2.6,2.1,5,4.9,96.88268156,97.8,750,485,6.178,668.2863,light
5,T5,01:09,01:44,,414.8392523,2.6,3.2,5,4.9,96.83798883,97.9,0,485,6.178,-801.9439,dark
5,T5,01:17,01:52,,414.6299065,2.6,2.1,5,4.9,96.74860335,97.5,750,485,6.138,668.2871,light
5,T5,01:21,01:56,,414.5252336,2.6,3.2,5,4.9,96.70391061,97.5,0,485,6.138,-801.9449,dark
5,T5,01:30,02:05,,414.2897196,2.6,2.1,5,4.9,96.60335196,97,750,485,6.095,668.288,light
5,T5,01:32,02:07,,414.2373832,2.6,3,5,4.8,96.58100559,97,0,485,6.095,-534.6305,dark
5,T5,01:40,02:15,,414.0280374,2.6,2.1,5,5,96.49162011,96.7,750,485,6.0693,668.2887,light
5,T5,01:44,02:19,,413.9233645,2.6,3,5,4.9,96.44692737,96.9,0,485,6.0693,-534.6312,dark
5,T5,01:52,02:27,,413.7140187,2.6,2.3,5,5,96.3575419,96.4,750,485,6.0488,400.9737,light
5,T5,01:55,02:30,,413.635514,2.6,2.9,5,4.8,96.32402235,96.5,0,484,6.0488,-400.1471,dark
5,T5,02:02,02:37,,413.4523364,2.6,2.5,5,4.9,96.24581006,95.3,750,485,6.0278,133.658,light
5,T5,02:07,02:42,,413.3214953,2.6,2.9,5,4.8,96.18994413,95.8,0,483,6.0278,-399.3208,dark
5,T5,02:15,02:50,,413.1121495,2.6,2.5,5,4.7,96.10055866,94.8,750,485,6.0488,133.6582,light
5,T5,02:17,02:52,,413.0598131,2.6,2.8,5,4.9,96.07821229,95,0,485,6.0488,-267.3165,dark
15,T5,03:52,00:10,,410.5738318,3.109756098,3.7,14.73658537,15,97.83414634,99.4,750,486,6.565,-789.8801,light
15,T5,03:56,00:14,,410.4691589,3.153658537,5.9,14.75121951,15,97.88780488,99.5,0,485,6.565,-3667.6557,dark
15,T5,04:06,00:24,,410.2074766,3.263414634,3.4,14.78780488,14.9,98.02195122,99.5,750,485,6.5106,-182.4045,light
15,T5,04:10,00:28,,410.1028037,3.307317073,5.6,14.80243902,15,98.07560976,99.6,0,484,6.5106,-3055.4683,dark
15,T5,04:19,00:37,,409.8672897,3.406097561,3.3,14.83536585,15,98.19634146,99.4,750,485,6.459,141.688,light
15,T5,04:24,00:42,,409.7364486,3.46097561,5.7,14.85365854,15,98.26341463,99.3,0,485,6.459,-2990.0958,dark
15,T5,04:31,00:49,,409.553271,3.537804878,3.5,14.87926829,15,98.35731707,99.1,750,485,6.4176,50.4861,light
15,T5,04:35,00:53,,409.4485981,3.581707317,5.7,14.89390244,15,98.41097561,99.1,0,484,6.4176,-2823.0125,dark
15,T5,04:42,01:00,,409.2654206,3.658536585,3.6,14.9195122,15,98.50487805,99,750,485,6.377,78.1715,light
15,T5,04:46,01:04,,409.1607477,3.702439024,5.8,14.93414634,15,98.55853659,99,0,484,6.377,-2795.3639,dark
15,T5,04:53,01:11,,408.9775701,3.779268293,3.6,14.9597561,15,98.65243902,99,750,485,6.334,239.3986,light
15,T5,04:57,01:15,,408.8728972,3.823170732,6,14.97439024,15.1,98.70609756,99.1,0,484,6.334,-2900.982,dark
15,T5,05:13,01:31,,408.4542056,4.292805755,3.8,15,15,98.66906475,98.9,750,484,6.286,656.743,light
15,T5,05:16,01:34,,408.3757009,4.305755396,6.2,15,15,98.6647482,98.9,0,485,6.286,-2529.6019,dark
15,T5,05:25,01:43,,408.1401869,4.344604317,3.8,15,15,98.65179856,98.9,750,485,6.248,727.2727,light
15,T5,05:29,01:47,,408.035514,4.361870504,6.2,15,15,98.64604317,99,0,484,6.248,-2449.6046,dark
15,T5,05:36,01:54,,407.8523364,4.392086331,3.7,15,15,98.63597122,99,750,485,6.205,924.2227,light
15,T5,05:41,01:59,,407.7214953,4.413669065,6.2,15,15,98.62877698,99.1,0,485,6.205,-2385.4939,dark
15,T5,05:49,02:07,,407.5121495,4.448201439,3.9,15,15,98.61726619,99,750,486,6.151,733.5863,light
15,T5,05:53,02:11,,407.4074766,4.465467626,6.2,15,15,98.61151079,99,0,485,6.151,-2316.322,dark
15,T5,06:08,02:26,,407.0149533,4.82735426,4.1,14.8690583,15,96.83626157,98.6,750,485,6.1128,971.3648,light
15,T5,06:12,02:30,,406.9102804,4.83632287,6,14.86547085,15,96.78762461,98.6,0,484,6.1128,-1550.8616,dark
15,T5,06:21,02:39,,406.6747664,4.856502242,4.2,14.8573991,14.9,96.67819144,98.1,750,486,6.0717,878.5549,light
15,T5,06:24,02:42,,406.5962617,4.8632287,5.9,14.85470852,14.9,96.64171371,98.4,0,485,6.0717,-1384.591,dark
15,T5,06:32,02:50,,406.3869159,4.881165919,4.1,14.84753363,14.9,96.54443978,97.7,750,486,6.056,1045.3878,light
15,T5,06:36,02:54,,406.282243,4.890134529,5.8,14.84394619,15,96.49580282,98,0,485,6.056,-1215.1149,dark
15,T5,06:43,03:01,,406.0990654,4.905829596,4.4,14.83766816,14.9,96.41068813,97.2,750,486,6.0258,676.9239,light
15,T5,06:48,03:06,,405.9682243,4.917040359,5.6,14.83318386,14.9,96.34989193,98,0,485,6.0258,-912.0882,dark
15,T5,06:55,03:13,,405.7850467,4.932735426,4.2,14.82690583,15,96.26477724,96.6,750,486,6.0158,980.5832,light
15,T5,06:58,03:16,,405.7065421,4.939461883,5.3,14.82421525,14.9,96.22829951,97,0,485,6.0158,-481.4978,dark
15,T5,07:12,03:30,,405.3401869,4.970852018,4.3,14.81165919,15,96.05807014,96.5,750,485,6.0003,895.9252,light
15,T5,07:15,03:33,,405.2616822,4.977578475,5.4,14.80896861,15,96.02159241,96.7,0,485,6.0003,-564.1459,dark
17.5,T5,22:21,00:12,,383.6588694,2.273170732,3.6,17.55609756,17.5,98.3902439,99.5,750,485,6.4999,-1771.3308,light
17.5,T5,22:25,00:16,,383.5964912,2.297560976,5.7,17.54146341,17.5,98.45365854,99.7,0,485,6.4999,-4542.2938,dark
17.5,T5,22:35,00:26,,383.4405458,2.358536585,3,17.50487805,17.3,98.61219512,99.9,750,485,6.4355,-856.362,light
17.5,T5,22:39,00:30,,383.3781676,2.382926829,5.3,17.4902439,17.6,98.67560976,100,0,485,6.4355,-3894.3328,dark
17.5,T5,22:49,00:40,,383.2222222,2.443902439,2.9,17.45365854,17.4,98.83414634,99.9,750,485,6.3736,-608.8974,light
17.5,T5,22:54,00:45,,383.1442495,2.474390244,5.3,17.43536585,17.6,98.91341463,100,0,485,6.3736,-3772.2361,dark
17.5,T5,23:04,00:55,,382.9883041,2.535365854,2.8,17.39878049,17.3,99.07195122,99.9,750,485,6.3195,-353.2915,light
17.5,T5,23:08,00:59,,382.9259259,2.559756098,5.2,17.38414634,17.6,99.13536585,100,0,485,6.3195,-3524.7767,dark
17.5,T5,23:18,01:09,,382.7699805,2.620731707,2.6,17.34756098,17.3,99.29390244,100,750,484,6.2668,27.6202,light
17.5,T5,23:23,01:14,,382.6920078,2.651219512,5.3,17.32926829,17.6,99.37317073,100,0,484,6.2668,-3528.8899,dark
17.5,T5,23:39,01:30,,382.4424951,3.035403727,3.1,17.46770186,17.7,96.36956522,99.1,750,485,6.2255,-86.2413,light
17.5,T5,23:43,01:34,,382.380117,3.050310559,5.4,17.47515528,17.6,96.23043478,99.1,0,483,6.2255,-3124.0963,dark
17.5,T5,23:53,01:44,,382.2241715,3.08757764,2.7,17.49378882,17.5,95.8826087,99.2,750,483,6.1758,515.3174,light
17.5,T5,23:58,01:49,,382.1461988,3.10621118,5.2,17.50310559,17.6,95.70869565,99.5,0,485,6.1758,-2795.4041,dark
17.5,T5,00:08,01:59,,381.9902534,3.143478261,3,17.52173913,17.5,95.36086957,98.9,750,485,6.088,191.5578,light
17.5,T5,00:12,02:03,,381.9278752,3.158385093,4.9,17.52919255,17.5,95.22173913,99,0,483,6.088,-2315.6463,dark
17.5,T5,00:22,02:13,,381.7719298,3.195652174,3.1,17.54782609,17.6,94.87391304,97.5,750,485,6.0169,127.7061,light
17.5,T5,00:30,02:21,,381.6471735,3.225465839,4.5,17.56273292,17.6,94.59565217,97.6,0,486,6.0169,-1705.1577,dark
17.5,T5,00:38,02:29,,381.5224172,3.255279503,3.2,17.57763975,17.6,94.3173913,95,750,485,5.977,73.8048,light
17.5,T5,00:42,02:33,,381.460039,3.270186335,3.8,17.58509317,17.4,94.17826087,95.3,0,485,5.977,-707.3661,dark
0,T5,23:55,00:09,,,2.573134328,3,0,0,94.75373134,96.7,750,485,6.5214,-570.6941,light
0,T5,23:57,00:11,,,2.567164179,3.4,0,-0.1,94.76567164,96.9,0,484,6.5214,-1111.1563,dark
0,T5,00:06,00:20,,,2.540298507,2.7,0,0,94.81940299,96.7,750,485,6.4314,-213.5113,light
0,T5,00:10,00:24,,,2.528358209,3.5,0,0,94.84328358,96.9,0,485,6.4314,-1299.0268,dark
0,T5,00:18,00:32,,,2.504477612,2.7,0,0,94.89104478,96.8,750,486,6.3485,-261.9406,light
0,T5,00:22,00:36,,,2.492537313,3.5,0,-0.1,94.91492537,96.9,0,485,6.3485,-1346.9166,dark
0,T5,00:30,00:44,,,2.468656716,2.7,0,0,94.96268657,96.7,750,485,6.2787,-309.2919,light
0,T5,00:33,00:47,,,2.459701493,3.3,0,-0.1,94.98059701,96.8,0,484,6.2787,-1121.1114,dark
0,T5,00:42,00:56,,,2.432835821,2.7,0,0,95.03432836,96.7,750,485,6.205,-357.182,light
0,T5,00:46,01:00,,,2.420895522,3.4,0,0,95.05820896,96.8,0,485,6.205,-1309.0022,dark
0,T5,01:00,01:14,,,2.4,2.7,0,0,88.10916031,96.3,750,485,6.1467,-401.0991,light
0,T5,01:04,01:18,,,2.4,3.1,0,0,88.06641221,96.4,0,485,6.1467,-935.8981,dark
0,T5,01:29,01:43,,,2.4,2.9,0,0,87.79923664,96.2,0,486,6.081,-669.8781,dark
0,T5,01:36,01:50,,,2.4,2.6,0,0,87.72442748,95.3,750,485,6.0502,-267.4,light
0,T5,01:38,01:52,,,2.4,2.8,0,-0.2,87.70305344,95.2,0,485,6.0502,-534.8001,dark
0,T5,01:47,02:01,,,2.4,2.5,0,0,87.60687023,94.4,750,486,6.023,-133.9758,light
0,T5,01:50,02:04,,,2.4,2.8,0,-0.1,87.57480916,94.5,0,486,6.023,-535.9033,dark
0,T5,02:05,02:19,,,2.4,2.5,0,0,94.06821192,93.6,750,486,6.0028,-133.9703,light
0,T5,02:09,02:23,,,2.4,2.6,0,-0.1,94.07880795,94,0,483,6.0028,-266.2867,dark
10,T5,23:43,00:09,,396.7326203,2.226086957,2.8,10,10,82.9,96.9,750,485,6.6268,-766.9394,light
10,T5,23:47,00:13,,396.5614973,2.237681159,4.2,10,10,83.3,97.7,0,485,6.5595,-2622.2996,dark
10,T5,23:56,00:22,,396.1764706,2.263768116,2.6,10,10.1,84.2,98.5,750,485,6.5595,-449.3106,light
10,T5,23:59,00:25,,396.0481283,2.272463768,4.2,10,9.9,84.5,98.7,0,485,6.4925,-2575.7794,dark
10,T5,00:07,00:33,,395.7058824,2.295652174,2.4,10,9.7,85.3,98.8,750,485,6.4925,-139.4393,light
10,T5,00:11,00:37,,395.5347594,2.307246377,4,10,9.9,85.7,98.9,0,485,6.4282,-2262.0033,dark
10,T5,00:20,00:46,,395.1497326,2.333333333,2.2,10,10,86.6,99,750,485,6.4282,178.1695,light
10,T5,00:24,00:50,,394.9786096,2.344927536,3.9,10,10,87,98.9,0,485,6.3969,-2077.9876,dark
10,T5,00:31,00:57,,394.6791444,2.365217391,2.1,10,9.9,87.7,98.1,750,485,6.3969,354.3973,light
10,T5,00:35,01:01,,394.5080214,2.376811594,3.9,10,10,88.1,97.5,0,484,6.3641,-2031.157,dark
10,T5,00:53,01:19,,393.7379679,2.565734266,2.6,10.05524476,10.2,90.77832168,95.6,750,485,6.3641,-45.7857,light
10,T5,00:57,01:23,,393.5668449,2.574125874,4.1,10.05804196,10,90.87342657,96.6,0,485,6.2939,-2038.8613,dark
10,T5,01:05,01:31,,393.2245989,2.590909091,2.4,10.06363636,10.1,91.06363636,98.2,750,484,6.2504,254.5646,light
10,T5,01:10,01:36,,393.0106952,2.601398601,4.1,10.06713287,10,91.18251748,98.6,0,482,6.2504,-1990.0244,dark
10,T5,01:18,01:44,,392.6684492,2.618181818,2.5,10.07272727,10.1,91.37272727,98.5,750,486,6.1666,158.238,light
10,T5,01:21,01:47,,392.540107,2.624475524,4.1,10.07482517,9.9,91.44405594,98.3,0,483,6.1666,-1963.4374,dark
10,T5,01:32,01:58,,392.0695187,2.647552448,2.7,10.08251748,10.1,91.70559441,97,750,485,6.0629,-70.0791,light
10,T5,01:35,02:01,,391.9411765,2.653846154,3.6,10.08461538,10,91.77692308,96.8,0,485,6.0629,-1264.2263,dark
10,T5,01:45,02:11,,391.513369,2.674825175,2.9,10.09160839,10.1,92.01468531,94.3,750,485,6.0026,-300.8717,light
10,T5,01:48,02:14,,391.3850267,2.681118881,3.2,10.09370629,9.9,92.08601399,94.3,0,485,6.0026,-693.3123,dark
25,T5,03:40,00:12,,378.6842105,3.95,6.5,25.1,25.1,96.66666667,99.4,750,488,6.541,-3421.4067,light
25,T5,03:43,00:15,,378.6374269,3.9625,8.9,25.1,25,96.63333333,99.5,0,485,6.541,-6584.0638,dark
25,T5,03:52,00:24,,378.497076,4,6,25.1,25.1,96.53333333,99.6,750,488,6.4248,-2683.4681,light
25,T5,03:55,00:27,,378.4502924,4.0125,8.5,25.1,25,96.5,99.7,0,485,6.4248,-5984.0236,dark
25,T5,04:05,00:37,,378.294347,4.054166667,5.7,25.1,25.1,96.38888889,99.6,750,486,6.2993,-2199.2308,light
25,T5,04:08,00:40,,378.2475634,4.066666667,8,25.1,25,96.35555556,99.6,0,486,6.2993,-5255.8891,dark
25,T5,04:17,00:49,,378.1072125,4.104166667,5.7,25.1,25.1,96.25555556,99.3,750,486,6.1973,-2132.4282,light
25,T5,04:21,00:53,,378.0448343,4.120833333,7.5,25.1,25,96.21111111,99.3,0,486,6.1973,-4515.4093,dark
25,T5,04:29,01:01,,377.920078,4.154166667,5.3,25.1,25.2,96.12222222,98.4,750,486,6.1115,-1531.1236,light
25,T5,04:33,01:05,,377.8576998,4.170833333,6.8,25.1,25,96.07777778,98.5,0,485,6.1115,-3506.0089,dark
25,T5,04:50,01:22,,377.5925926,4.427777778,5.1,25.17592593,15.1,94.2537037,97.3,750,487,6.0131,-900.1503,light
25,T5,04:54,01:26,,377.5302144,4.438888889,5.8,25.17962963,24.9,94.16851852,97.1,0,485,6.0131,-1815.1372,dark
25,T5,05:06,01:38,,377.3430799,4.472222222,4.6,25.19074074,25.2,93.91296296,94.1,750,486,5.9673,-170.7531,light
25,T5,05:09,01:41,,377.2962963,4.480555556,5,25.19351852,24.9,93.84907407,94.5,0,486,5.9673,-694.1495,dark
20,T5,22:29,00:11,,419.5098039,3.189189189,4.7,20.02972973,20.1,95.03243243,99.4,750,485,6.458,-2016.4222,light
20,T5,22:33,00:15,,419.1176471,3.221621622,6.9,20.04054054,19.9,94.53513514,99.5,0,485,6.458,-4909.4446,dark
20,T5,22:43,00:25,,418.1372549,3.302702703,3.5,20.06756757,19.9,93.29189189,98.6,750,485,6.396,-263.335,light
20,T5,22:47,00:29,,417.745098,3.335135135,6.1,20.07837838,19.9,92.79459459,98.3,0,485,6.396,-3690.3363,dark
20,T5,23:07,00:49,,415.7843137,3.4,3.8,20.1,20.1,94.44864865,96.2,750,484,6.294,-532.7664,light
20,T5,23:10,00:52,,415.4901961,3.4,6.1,20.1,20.1,94.61081081,96.5,0,485,6.294,-3603.589,dark
20,T5,23:20,01:02,,414.5098039,3.4,3.4,20.1,20,95.15135135,98.2,750,485,6.252,0,light
20,T5,23:24,01:06,,414.1176471,3.4,5.9,20.1,20.1,95.36756757,98.7,0,485,6.252,-3336.5949,dark
20,T5,23:32,01:14,,413.3333333,3.4,3.3,20.1,20.1,95.8,99.1,750,485,6.2186,133.4624,light
20,T5,23:36,01:18,,412.9411765,3.4,5.9,20.1,20,96.01621622,99.2,0,484,6.2186,-3329.6627,dark
20,T5,23:44,01:26,,412.1568627,3.4,3.3,20.1,20.1,96.44864865,99.1,750,485,6.1664,133.4603,light
20,T5,23:48,01:30,,411.7647059,3.4,5.7,20.1,20,96.66486486,99.1,0,483,6.1664,-3056.9122,dark
20,T5,23:58,01:40,,410.7843137,3.4,3.2,20.1,20.1,97.20540541,98.7,750,485,6.1034,266.9156,light
20,T5,00:02,01:44,,410.3921569,3.4,5.2,20.1,20,97.42162162,98.6,0,483,6.1034,-2392.3219,dark
20,T5,00:18,02:00,,408.8235294,3.556862745,3.3,20.1,20.1,95.36862745,97.3,750,485,6.042,342.8188,light
20,T5,00:21,02:03,,408.5294118,3.560784314,4.7,20.1,19.9,95.30784314,97.3,0,483,6.042,-1514.1728,dark
20,T5,00:29,02:11,,407.745098,3.57124183,3.5,20.1,20.1,95.14575163,95.8,750,484,6.014,94.8865,light
20,T5,00:32,02:14,,407.4509804,3.575163399,4.2,20.1,19.9,95.08496732,96,0,485,6.014,-833.9364,dark
20,T5,00:40,02:22,,406.6666667,3.585620915,3.5,20.1,20.2,94.92287582,94.8,750,485,5.9916,114.2742,light
20,T5,00:43,02:25,,406.372549,3.589542484,3.9,20.1,19.9,94.8620915,95.2,0,484,5.9916,-413.4992,dark
15,T6,11:48,00:10,,,2.812820513,3.3,14.65128205,15.1,97.59738562,100,750,492,6.1567,-931.0635,light
15,T6,11:51,00:13,,,2.816666667,4.8,14.66666667,15,97.53660131,100,0,492,6.1567,-3790.406,dark
15,T6,12:00,00:22,,,2.828205128,2.7,14.71282051,15.1,97.35424837,100,750,492,6.0652,245.0161,light
15,T6,12:03,00:25,,,2.832051282,4.4,14.72820513,14.9,97.29346405,99.9,0,492,6.0652,-2996.5449,dark
15,T6,12:12,00:34,,,2.843589744,2.6,14.77435897,15.1,97.11111111,99.4,750,493,5.9667,466.4756,light
15,T6,12:16,00:38,,,2.848717949,4.1,14.79487179,14.9,97.03006536,99.1,0,492,5.9667,-2391.3491,dark
15,T6,12:24,00:46,,,2.858974359,2.7,14.83589744,15.1,96.86797386,97.9,750,492,5.9026,303.8184,light
15,T6,12:27,00:49,,,2.862820513,3.6,14.85128205,14.9,96.80718954,97.7,0,491,5.9026,-1405.9712,dark
15,T6,12:35,00:57,,,2.873076923,2.8,14.89230769,15.1,96.64509804,96.4,750,492,5.8593,139.6582,light
15,T6,12:38,01:00,,,2.876923077,3.2,14.90769231,14.9,96.58431373,96.3,0,492,5.8593,-617.4357,dark
15,T6,12:46,01:08,,,2.887179487,2.9,14.94871795,15.1,96.42222222,94.9,750,491,5.837,-24.4516,light
15,T6,12:48,01:10,,,2.88974359,2.9,14.95897436,14.9,96.38169935,94.9,0,492,5.837,-19.6011,dark
5,T6,10:25,00:08,,,1.214814815,1.3,5,4.9,98.1037037,98.6,750,492,6.1774,-162.93,light
5,T6,10:28,00:11,,,1.22037037,2.1,5,5,98.14259259,98.7,0,491,6.1774,-1679.0097,dark
5,T6,10:36,00:19,,,1.235185185,1.2,5,4.9,98.2462963,98.9,750,491,6.1303,67.1603,light
5,T6,10:41,00:24,,,1.244444444,2.1,5,5,98.31111111,99,0,492,6.1303,-1636.3814,dark
5,T6,10:49,00:32,,,1.259259259,1.2,5,5,98.41481481,98.9,750,491,6.0843,113.112,light
5,T6,10:53,00:36,,,1.266666667,2.1,5,4.9,98.46666667,98.9,0,492,6.0843,-1593.8757,dark
5,T6,11:00,00:43,,,1.27962963,1.1,5,4.9,98.55740741,98.9,750,491,6.05,342.8702,light
5,T6,11:05,00:48,,,1.288888889,2.1,5,5,98.62222222,99,0,491,6.05,-1548.217,dark
5,T6,11:20,01:03,,,1.3,1.1,5,5,98.2352459,98.6,750,493,6.0095,383.3085,light
5,T6,11:24,01:07,,,1.3,2.1,5,4.9,98.2057377,98.6,0,491,6.0095,-1527.0143,dark
5,T6,11:33,01:16,,,1.3,1.1,5,4.9,98.13934426,98.6,750,492,5.9667,382.5313,light
5,T6,11:37,01:20,,,1.3,2.1,5,4.9,98.10983607,98.7,0,492,5.9667,-1530.1256,dark
5,T6,11:46,01:29,,,1.3,1.2,5,5,98.04344262,98.3,750,493,5.9252,191.6546,light
5,T6,11:50,01:33,,,1.3,2,5,4.9,98.01393443,98.3,0,493,5.9252,-1341.5823,dark
5,T6,11:57,01:40,,,1.3,1.2,5,4.9,97.96229508,97.9,750,492,5.9074,191.266,light
5,T6,12:00,01:43,,,1.3,2,5,4.9,97.94016393,97.8,0,491,5.9074,-1336.1407,dark
5,T6,12:10,01:53,,,1.3,1.1,5,5,97.86639344,97.7,750,492,5.8839,382.5322,light
5,T6,12:13,01:56,,,1.3,1.7,5,4.9,97.8442623,97.8,0,492,5.8839,-765.0646,dark
5,T6,12:27,02:10,,,1.369148936,1.3,4.930851064,5,97.10851064,97.2,750,492,5.8678,132.26,light
5,T6,12:30,02:13,,,1.370744681,1.8,4.929255319,5,97.09255319,97.5,0,492,5.8678,-821.0293,dark
5,T6,12:42,02:25,,,1.37712766,1.2,4.92287234,5,97.0287234,96.5,750,492,5.8546,338.7894,light
5,T6,12:46,02:29,,,1.379255319,1.7,4.920744681,5,97.00744681,96.8,0,492,5.8546,-613.4836,dark
5,T6,12:56,02:39,,,1.384574468,1.4,4.915425532,4.9,96.95425532,95.5,750,491,5.836,-29.4442,light
5,T6,13:00,02:43,,,1.386702128,1.7,4.913297872,4.9,96.93297872,96.1,0,492,5.836,-599.2409,dark
5,T6,13:09,02:52,,,1.391489362,1.4,4.908510638,4.9,96.88510638,95,750,492,5.8267,-16.2782,light
5,T6,13:14,02:57,,,1.394148936,1.5,4.905851064,4.9,96.85851064,96,0,492,5.8267,-202.4602,dark
5,T6,13:33,03:16,,,1.4,1.6,5.280582524,4.9,95.37281553,95,750,492,5.8189,-382.5344,light
5,T6,13:34,03:17,,,1.4,1.5,5.282524272,4.8,95.36553398,94.9,0,491,5.8189,-190.8784,dark
10,T6,15:02,00:09,,,1.632142857,1.8,10.08928571,10.1,98.63928571,99.1,750,492,6.155,-320.9327,light
10,T6,15:05,00:12,,,1.642857143,3,10.08571429,9.9,98.58571429,99.2,0,492,6.155,-2594.7775,dark
10,T6,15:17,00:24,,,1.685714286,1.7,10.07142857,10,98.37142857,99.1,750,492,6.0589,-27.3136,light
10,T6,15:20,00:27,,,1.696428571,2.9,10.06785714,9.9,98.31785714,99.2,0,491,6.0589,-2296.4921,dark
10,T6,15:29,00:36,,,1.728571429,1.7,10.05714286,10,98.15714286,98.8,750,492,5.9836,54.6273,light
10,T6,15:32,00:39,,,1.739285714,2.8,10.05357143,9.9,98.10357143,98.8,0,492,5.9836,-2028.0415,dark
10,T6,15:42,00:49,,,1.775,1.8,10.04166667,10,97.925,98.6,750,492,5.917,-47.7991,light
10,T6,15:44,00:51,,,1.782142857,2.7,10.03928571,9.9,97.88928571,98.5,0,492,5.917,-1754.9115,dark
10,T6,15:54,01:01,,,1.817857143,1.8,10.02738095,10.1,97.71071429,97.8,750,492,5.8685,34.1424,light
10,T6,15:57,01:04,,,1.828571429,2.4,10.02380952,9.9,97.65714286,97.5,0,492,5.8685,-1092.5565,dark
10,T6,16:06,01:13,,,1.860714286,1.9,10.01309524,10.1,97.49642857,97.2,750,492,5.8392,-75.1135,light
10,T6,16:10,01:17,,,1.875,2.2,10.00833333,9.9,97.425,97.3,0,491,5.8392,-620.1312,dark
10,T6,16:25,01:32,,,1.9,1.8,10,10,96.4122807,96.3,750,491,5.8248,190.8122,light
10,T6,16:29,01:36,,,1.9,1.9,10,9.9,96.37368421,97,0,492,5.8248,0,dark
10,T6,16:37,01:44,,,1.9,2,10,10,96.29649123,96.3,750,492,5.8196,-191.2011,light
10,T6,16:39,01:46,,,1.9,1.9,10,9.9,96.27719298,96.4,0,491,5.8196,0,dark
0,T6,10:30,00:08,,,1.554716981,1.7,0,0,94.16037736,97.1,750,492,6.1224,-277.9572,light
0,T6,10:34,00:12,,,1.532075472,1.9,0,0,94.19056604,97.2,0,491,6.1224,-702.4868,dark
0,T6,10:42,00:20,,,1.486792453,1.5,0,0,94.2509434,97.3,750,492,6.0476,-25.2688,light
0,T6,10:46,00:24,,,1.464150943,2,0,-0.1,94.28113208,97.2,0,491,6.0476,-1023.1084,dark
0,T6,10:55,00:33,,,1.413207547,1.5,0,0,94.3490566,96.8,750,491,5.9842,-165.7147,light
0,T6,10:58,00:36,,,1.396226415,1.9,0,-0.1,94.37169811,96.9,0,493,5.9842,-965.7834,dark
0,T6,11:05,00:43,,,1.356603774,1.5,0,0,94.4245283,96.1,750,491,5.9464,-273.7893,light
0,T6,11:08,00:46,,,1.339622642,1.8,0,-0.1,94.44716981,95.9,0,492,5.9464,-880.7979,dark
0,T6,11:23,01:01,,,1.428421053,1.5,0,0,94.11473684,95.1,750,492,5.9124,-136.9457,light
0,T6,11:26,01:04,,,1.434736842,1.7,0,-0.1,94.09578947,95,0,492,5.9124,-507.5049,dark
0,T6,11:34,01:12,,,1.451578947,1.6,0,0,94.04526316,94.5,750,492,5.8879,-283.9612,light
0,T6,11:37,01:15,,,1.457894737,1.7,0,-0.1,94.02631579,94.7,0,492,5.8879,-463.1991,dark
0,T6,11:45,01:23,,,1.474736842,1.6,0,0,93.97578947,93.5,750,493,5.8719,-240.1424,light
0,T6,11:50,01:28,,,1.485263158,1.6,0,-0.1,93.94421053,94.2,0,492,5.8719,-219.5162,dark
17.5,T6,15:03,00:10,,,1.715873016,2.5,17.5,17.6,97.44126984,99.7,750,492,6.0565,-1498.0698,light
17.5,T6,15:06,00:13,,,1.720634921,4.1,17.5,17.4,97.39365079,99.7,0,492,6.0565,-4545.7668,dark
17.5,T6,15:15,00:22,,,1.734920635,2.2,17.5,17.6,97.25079365,99.5,750,492,5.9421,-888.5348,light
17.5,T6,15:18,00:25,,,1.73968254,3.6,17.5,17.4,97.2031746,99.3,0,492,5.9421,-3554.1425,dark
17.5,T6,15:26,00:33,,,1.752380952,2,17.5,17.6,97.07619048,97.9,750,492,5.8731,-473.0782,light
17.5,T6,15:29,00:36,,,1.757142857,2.7,17.5,17.4,97.02857143,97.7,0,493,5.8731,-1804.9994,dark
17.5,T6,15:37,00:44,,,1.76984127,2,17.5,17.6,96.9015873,96.3,750,492,5.8369,-439.7217,light
17.5,T6,15:40,00:47,,,1.774603175,2.2,17.5,17.4,96.85396825,96.6,0,491,5.8369,-811.076,dark
17.5,T6,15:47,00:54,,,1.785714286,2,17.5,17.6,96.74285714,95.3,750,492,5.8214,-409.3975,light
17.5,T6,15:49,00:56,,,1.788888889,2,17.5,17.4,96.71111111,95.3,0,491,5.8214,-402.5128,dark
20,T6,11:25,00:09,,,1.754216867,2.9,20,20.1,97.54819277,100,750,492,6.1319,-2188.2579,light
20,T6,11:29,00:13,,,1.778313253,4.6,20,20,97.48072289,100,0,491,6.1319,-5378.0147,dark
20,T6,11:40,00:24,,,1.844578313,2.4,20,20.1,97.29518072,99.7,750,492,6.0074,-1060.7709,light
20,T6,11:43,00:27,,,1.862650602,4,20,19.9,97.24457831,99.7,0,492,6.0074,-4082.017,dark
20,T6,11:53,00:37,,,1.922891566,2.3,20,20.1,97.07590361,98.9,750,492,5.9126,-720.2235,light
20,T6,11:56,00:40,,,1.940963855,3.5,20,19.9,97.0253012,98.7,0,492,5.9126,-2977.5412,dark
20,T6,12:05,00:49,,,1.995180723,2.1,20,20.1,96.87349398,97.1,750,492,5.8548,-200.1909,light
20,T6,12:08,00:52,,,2.013253012,2.9,20,19.9,96.82289157,97.3,0,492,5.8548,-1693.5711,dark
20,T6,12:17,01:01,,,2.06746988,2.2,20,20.1,96.67108434,95.2,750,492,5.8314,-253.1162,light
20,T6,12:20,01:04,,,2.085542169,2.5,20,19.9,96.62048193,95.6,0,492,5.8314,-791.5643,dark
20,T6,12:28,01:12,,,2.13373494,2.3,20,20.1,96.48554217,94,750,491,5.8184,-316.9018,light
20,T6,12:30,01:14,,,2.145783133,2.4,20,19.9,96.45180723,94.8,0,492,5.8184,-485.5254,dark
25,T6,15:55,00:14,,,3.064367816,4.3,25.1,25.1,73.4137931,99.8,750,492,6.131,-2359.7106,light
25,T6,15:59,00:18,,,3.082758621,6.4,25.1,25,73.70344828,100,0,494,6.131,-6360.6909,dark
25,T6,16:07,00:26,,,3.11954023,4,25.1,25.1,74.28275862,99.6,750,493,6.0595,-1684.8002,light
25,T6,16:11,00:30,,,3.137931034,6.1,25.1,24.9,74.57241379,99.8,0,492,6.0595,-5656.5036,dark
25,T6,16:21,00:40,,,3.183908046,3.8,25.1,25.1,75.29655172,99.6,750,493,5.9575,-1178.8807,light
25,T6,16:27,00:46,,,3.211494253,5.9,25.1,25.1,75.73103448,99.6,0,492,5.9575,-5133.8982,dark
25,T6,16:36,00:55,,,3.252873563,3.6,25.1,25.1,76.38275862,98.6,750,492,5.8972,-662.849,light
25,T6,16:40,00:59,,,3.271264368,5.1,25.1,24.9,76.67241379,98.7,0,491,5.8972,-3484.8981,dark
25,T6,16:48,01:07,,,3.308045977,3.5,25.1,25.1,77.25172414,96.9,750,492,5.849,-366.5318,light
25,T6,16:51,01:10,,,3.32183908,4.5,25.1,24.9,77.46896552,96.8,0,492,5.849,-2249.6552,dark
25,T6,16:59,01:18,,,3.35862069,3.7,25.1,25.1,78.04827586,93.8,750,492,5.816,-651.8388,light
25,T6,17:01,01:20,,,3.367816092,3.9,25.1,24.9,78.19310345,93.2,0,492,5.816,-1016.1614,dark